user_id,modules_completed,modeule_frequency,quizzes_completed,quizzes_frequency
3022,39,6,3,1
507,4,3,0,0
2346,30,9,2,1
1515,14,7,22,12
1234,13,11,8,8
3492,1,1,1,1
1839,20,17,1,1
665,9,7,0,0
1326,7,5,7,5
3291,18,9,0,0
2080,15,8,0,0
2197,3,3,0,0
504,9,7,0,0
1522,15,8,23,17
2106,10,8,0,0
2313,11,8,5,4
2192,2,2,0,0
1913,28,14,22,15
2694,12,8,9,5
1399,26,12,5,5
3196,6,5,2,2
723,87,14,54,15
1852,44,9,4,2
2341,5,4,0,0
2308,27,6,12,4
2275,26,11,2,1
2946,29,14,8,4
2696,21,12,7,7
2809,6,4,1,1
1495,12,9,1,1
1160,11,6,12,8
318,16,7,0,0
2383,25,12,16,12
1713,7,5,0,0
2550,4,3,0,0
1315,7,6,2,2
2934,31,18,24,12
1854,9,6,1,1
730,20,11,7,5
1908,24,10,14,6
1865,12,5,0,0
1507,96,10,0,0
684,36,7,6,2
1984,38,11,6,3
678,92,14,64,11
1798,12,8,3,3
2814,4,2,0,0
3101,10,9,5,5
3219,4,3,3,2
2909,8,6,2,2
1355,17,13,5,4
248,69,12,12,3
481,42,10,6,3
2264,3,3,1,1
2688,17,10,11,8
1939,9,6,0,0
2030,6,5,1,1
2210,45,9,18,6
317,45,10,6,2
2173,36,8,18,5
2325,22,10,8,5
2808,17,11,4,4
2018,6,2,0,0
2385,210,22,65,10
1540,21,14,3,2
1359,42,14,20,8
1460,11,6,3,2
2939,13,9,8,7
555,20,12,11,8
2507,15,10,4,4
3120,18,8,11,8
2873,1,1,0,0
2638,16,10,8,5
2456,9,7,0,0
2499,10,7,2,2
2446,15,10,5,5
610,5,5,0,0
643,26,9,8,3
272,60,14,36,6
3283,3,3,0,0
388,39,9,3,1
315,44,12,42,17
2520,4,3,0,0
753,28,9,0,0
2839,13,9,1,1
1518,16,12,1,1
650,66,11,24,7
3210,34,12,8,4
1440,16,6,12,6
2471,8,6,0,0
3005,18,9,7,7
1374,12,12,3,3
2309,14,9,2,2
1314,5,4,3,3
2004,10,6,11,6
1373,38,13,16,6
2144,4,4,1,1
1729,60,14,42,12
952,52,17,22,10
2041,8,7,7,6
3315,31,14,16,9
1683,10,7,1,1
3441,12,4,6,4
2555,2,1,0,0
2594,29,16,2,2
2898,30,14,18,13
2504,19,11,11,7
3013,66,15,33,10
791,8,7,0,0
2451,30,8,18,7
3110,36,15,34,17
3487,1,1,0,0
1685,56,7,8,1
2959,46,15,38,10
2561,21,12,8,5
499,22,8,2,1
2720,38,4,0,0
2659,38,13,24,10
397,42,12,8,4
344,66,13,39,11
1427,9,3,0,0
673,52,11,0,0
336,18,6,2,1
1823,8,5,0,0
1935,15,12,9,8
2082,1,1,0,0
2784,36,17,23,13
3472,3,2,0,0
473,92,15,8,2
3529,6,1,0,0
986,4,4,0,0
2436,38,10,2,1
2964,42,13,18,5
2872,12,7,5,4
1690,27,15,27,15
2321,16,8,7,4
2610,10,4,2,1
2178,18,6,0,0
623,36,9,0,0
479,95,15,5,1
1929,54,11,24,8
1135,9,6,0,0
2032,32,7,2,1
2558,28,6,6,2
2161,6,5,9,5
810,24,13,10,9
1885,23,16,12,8
1969,12,10,1,1
3042,12,8,8,5
376,32,10,22,5
348,52,7,0,0
2345,11,8,14,14
3220,3,3,0,0
1489,12,5,6,2
2562,36,4,0,0
347,23,16,12,9
457,23,15,33,16
1309,14,10,4,4
1332,30,7,24,6
492,34,12,4,2
2291,16,6,28,14
1864,8,7,3,3
2224,18,9,2,2
483,52,15,44,14
841,36,10,8,4
1501,30,15,2,2
2469,4,4,0,0
3342,13,6,1,1
1466,4,3,0,0
1764,9,9,13,11
3192,6,2,0,0
1876,14,10,2,2
361,36,12,14,6
2107,5,5,0,0
391,21,14,8,8
3171,0,0,0,0
302,42,10,9,2
2563,19,11,10,8
1308,12,5,0,0
1869,12,10,5,4
2677,21,12,11,9
1732,14,10,16,13
3407,18,5,4,2
3031,27,12,16,11
3092,9,7,4,3
2340,5,4,0,0
3209,12,6,0,0
607,77,8,0,0
1353,10,7,2,2
3264,16,11,11,9
2329,9,7,0,0
2892,40,15,32,13
2926,30,13,10,8
631,2,2,0,0
1052,6,5,0,0
2454,16,10,17,16
3008,2,1,0,0
1749,34,9,4,2
3501,18,1,4,2
2167,63,12,39,10
2277,14,5,2,1
2745,4,2,0,0
1694,4,3,0,0
2902,20,7,6,5
3010,5,4,0,0
2938,23,11,6,3
975,10,4,0,0
3230,20,14,10,7
1509,15,9,16,14
398,38,11,4,2
1794,17,7,0,0
2401,30,6,9,3
1532,8,3,0,0
2040,16,10,5,5
3500,2,1,2,1
264,36,8,0,0
2332,4,3,0,0
1535,6,3,0,0
1502,10,8,11,6
3425,10,5,0,0
3277,0,0,0,0
1290,3,3,0,0
3415,4,2,0,0
2884,17,8,13,7
3129,26,7,10,4
3099,4,3,0,0
1803,10,6,3,3
3433,8,2,0,0
3221,7,6,4,4
3468,16,4,2,1
3025,42,7,18,7
224,22,9,2,1
2799,54,12,39,11
2190,25,15,6,5
306,57,13,12,4
1459,7,6,2,2
2377,2,2,0,0
1066,12,5,3,3
2525,8,3,0,0
747,58,17,54,14
3094,3,3,0,0
1987,9,8,1,1
1975,15,6,8,7
1405,25,14,24,16
2055,30,12,12,5
472,39,8,3,1
2485,7,4,3,3
966,10,4,0,0
3262,10,6,2,2
2229,72,17,32,11
1319,32,8,18,4
559,44,14,4,1
3217,17,12,2,2
1262,31,13,4,4
620,8,6,0,0
310,14,5,0,0
2588,33,17,15,11
1879,10,4,0,0
571,19,10,0,0
2007,8,6,2,2
2894,24,11,13,8
334,7,5,0,0
2038,24,12,10,7
2365,4,3,0,0
3127,92,13,64,10
718,105,13,45,5
1388,32,7,10,4
1533,9,6,1,1
1487,18,12,2,1
453,21,5,0,0
1541,12,8,19,11
411,22,8,2,1
476,27,7,0,0
2432,17,15,6,6
3054,26,12,11,6
3098,52,21,50,19
1972,14,5,4,2
2357,5,3,0,0
2727,20,6,3,1
3224,21,15,18,12
1867,14,5,14,4
2797,11,5,3,2
663,42,11,6,2
1551,8,4,1,1
642,12,10,0,0
2303,15,8,4,4
1736,18,10,1,1
1140,16,11,7,4
2679,22,6,0,0
2069,42,9,14,4
2699,19,10,9,6
2542,26,9,2,1
2474,66,16,36,10
1336,24,16,14,11
617,11,7,0,0
1524,10,3,0,0
759,48,12,39,12
1481,25,8,17,12
2512,3,3,1,1
1020,15,8,3,3
2380,10,5,1,1
561,44,14,40,7
2945,41,17,28,14
1055,23,8,6,3
3108,11,6,8,6
3167,17,10,6,6
2056,9,8,1,1
2951,87,17,72,16
1090,19,13,0,0
1993,7,5,0,0
2739,56,17,38,13
2154,16,12,11,9
461,76,11,24,2
3114,18,6,2,1
2020,18,9,11,7
2392,3,2,0,0
2904,10,9,8,8
1329,15,7,4,3
2752,27,16,27,14
654,69,11,27,5
1279,6,4,0,0
2430,6,2,0,0
2105,24,7,58,16
2801,30,12,13,11
1401,1,1,0,0
1740,34,9,26,11
293,9,7,0,0
2900,36,7,2,1
2183,10,4,0,0
3305,19,12,1,1
2202,44,11,10,5
1303,3,3,0,0
3004,20,13,17,13
2287,13,10,7,7
399,54,6,0,0
478,6,4,0,0
3088,36,19,9,7
2825,25,15,13,12
2962,24,13,7,6
1567,30,4,0,0
1724,26,9,0,0
1833,26,17,29,18
3381,14,5,10,5
2133,9,8,5,5
460,22,12,4,3
722,40,11,4,2
686,68,10,20,3
3063,7,4,2,2
3016,120,11,30,5
1494,7,5,2,2
1744,7,7,1,1
587,27,11,1,1
1360,14,6,2,1
2880,17,12,12,10
2339,16,12,8,7
778,20,11,10,8
3181,28,6,10,3
1884,31,15,18,12
2166,27,14,15,10
2564,5,3,4,4
1955,11,7,5,5
1832,2,2,0,0
641,10,8,3,3
1375,69,14,48,10
1426,7,6,0,0
1270,6,5,0,0
3303,6,3,0,0
1737,23,12,4,3
239,46,13,22,10
2922,13,9,1,1
2862,0,0,0,0
3202,22,9,6,4
3200,10,7,2,2
569,48,11,8,4
1981,8,7,0,0
3060,25,13,15,11
2382,5,4,0,0
1371,19,9,2,2
2220,10,4,0,0
1480,23,13,14,12
2587,1,1,0,0
1670,30,12,14,8
3038,16,11,10,10
445,12,4,0,0
735,24,12,9,7
3378,16,3,4,1
3399,28,8,8,4
2486,8,5,0,0
1404,20,8,6,2
1846,21,8,21,11
664,52,15,20,10
540,21,16,9,7
2272,4,3,0,0
2943,16,8,9,7
275,3,3,0,0
2826,10,2,0,0
2658,20,16,10,10
1256,13,9,21,12
2065,3,3,0,0
3337,10,8,12,9
2307,26,16,15,11
2842,27,17,22,17
625,33,8,3,1
1307,56,14,22,5
464,4,2,0,0
605,48,10,0,0
2989,22,13,18,11
622,20,8,0,0
596,96,15,12,2
235,36,8,6,1
466,54,16,46,14
2937,15,11,5,3
501,52,14,30,12
2735,24,13,10,8
2861,46,8,34,5
2574,36,9,6,2
612,10,4,0,0
761,13,8,4,4
3343,2,2,0,0
1294,22,16,19,15
670,133,12,119,11
2760,20,11,17,11
2493,26,5,70,10
237,4,3,0,0
679,54,10,27,5
2768,14,10,10,7
2918,6,6,0,0
1076,12,3,0,0
1680,9,7,1,1
468,3,3,0,0
213,30,8,6,2
3188,26,7,4,2
1770,12,8,2,2
3330,18,7,8,3
3459,2,1,0,0
2925,31,11,14,9
3091,28,15,13,8
3024,6,4,2,2
788,50,15,28,11
1097,6,3,0,0
760,3,3,0,0
2263,2,2,0,0
1378,7,3,0,0
2714,10,6,1,1
2037,14,5,0,0
3467,20,3,4,1
1857,17,12,8,8
1454,19,11,9,7
3408,4,1,4,1
2102,22,7,6,3
1377,4,4,0,0
2125,20,10,11,8
3374,13,8,16,9
2915,0,0,0,0
2778,2,2,1,1
2280,8,3,0,0
1980,20,8,0,0
1272,2,2,0,0
2402,4,3,1,1
1449,2,2,0,0
2523,2,1,0,0
993,3,2,0,0
2085,3,1,0,0
1386,3,3,0,0
2848,42,11,24,9
2642,4,2,0,0
2541,15,5,6,2
294,20,11,3,3
2416,27,7,0,0
494,16,6,0,0
2741,50,18,38,15
1527,9,8,1,1
1521,62,16,38,15
629,57,10,6,2
3359,34,10,30,10
3275,23,13,19,11
546,34,9,16,7
2188,10,3,0,0
570,10,6,0,0
1937,44,15,22,7
276,23,13,15,13
3007,22,7,16,6
268,23,13,3,3
3077,66,17,28,11
3400,20,7,16,7
2440,25,5,5,1
243,16,6,0,0
1358,30,9,46,13
3065,72,15,34,8
1788,3,1,0,0
2912,16,11,9,6
2036,19,14,4,4
2489,16,9,0,0
2530,5,4,0,0
2162,19,12,0,0
1002,25,14,13,9
1917,20,7,2,1
1483,12,7,0,0
2417,9,7,5,5
2148,6,5,1,1
1452,17,8,14,10
2285,24,8,0,0
1555,21,12,12,7
2815,36,7,2,1
377,20,14,5,5
1763,2,2,0,0
383,80,15,60,9
1686,8,3,0,0
1148,11,8,1,1
1469,20,6,4,2
2803,31,19,13,8
2441,22,11,15,9
1324,20,12,4,3
1743,15,10,12,11
3058,36,18,30,15
1715,8,4,0,0
1989,30,8,0,0
756,5,5,0,0
2019,66,13,18,6
2580,34,10,14,5
3333,6,1,0,0
2046,6,5,0,0
1382,17,13,8,7
1322,9,7,4,3
1924,4,3,0,0
450,4,4,0,0
1941,11,8,1,1
2528,4,4,1,1
3204,4,3,0,0
604,26,15,14,9
945,17,10,10,8
2947,24,12,7,5
340,18,9,3,2
3520,2,1,0,0
277,60,11,6,2
263,36,8,0,0
369,60,10,30,6
1893,21,4,3,1
265,5,4,0,0
3083,66,16,44,12
2072,32,17,19,15
787,36,8,6,2
1046,6,5,0,0
205,10,8,0,0
1091,20,8,4,2
2589,8,8,1,1
2237,72,11,40,8
3234,9,6,4,4
1129,8,3,8,2
2680,57,13,36,9
1132,9,7,1,1
1352,11,7,2,2
2064,14,11,1,1
2302,25,10,12,8
588,19,8,2,1
1920,28,15,4,4
814,48,10,0,0
2361,6,5,0,0
2442,7,6,1,1
3273,2,1,0,0
2083,21,14,13,9
962,13,5,0,0
2647,48,9,6,2
1925,17,12,13,12
1952,26,14,12,8
1949,24,11,12,10
3355,8,4,2,1
1331,23,10,11,7
705,16,6,0,0
1819,12,10,14,10
1264,42,7,30,6
1351,3,3,0,0
2185,30,8,12,3
1482,93,11,21,6
2678,23,13,4,3
1880,22,13,8,6
2063,20,12,2,2
1783,14,9,1,1
240,105,10,0,0
2732,38,7,8,4
3026,19,13,6,5
3443,10,6,5,3
1173,46,14,0,0
2200,8,7,0,0
2618,4,3,0,0
2228,14,8,1,1
795,30,8,0,0
3231,16,6,0,0
3093,20,4,4,1
976,5,4,0,0
563,20,7,0,0
1277,51,12,27,7
2131,2,2,0,0
2001,5,4,0,0
2330,6,5,0,0
2458,7,7,1,1
556,46,13,14,6
1232,5,4,0,0
3105,28,10,12,6
520,52,11,58,16
3260,26,16,15,10
819,16,10,14,7
1804,4,4,0,0
1970,7,4,0,0
3390,17,7,3,2
1678,42,13,18,7
2168,16,10,1,1
1519,5,4,0,0
2763,31,15,28,16
2165,13,10,1,1
2620,13,8,4,3
2146,6,4,0,0
2654,22,9,9,4
526,38,12,12,6
3029,11,9,3,3
2569,28,9,2,1
1747,20,10,6,6
3383,11,7,2,2
1397,18,11,4,3
2157,18,7,0,0
3161,21,13,9,6
1048,80,11,20,4
2616,9,5,2,1
3170,10,6,4,4
1858,25,13,20,11
949,72,12,27,7
1537,30,8,4,2
2601,58,13,14,7
1266,27,16,22,15
1044,25,16,24,14
2682,16,7,2,1
1677,38,11,22,9
2310,28,15,16,11
2466,60,9,20,4
210,21,6,0,0
1998,20,8,12,5
1536,2,2,0,0
1705,10,5,10,5
1165,6,5,5,4
2349,8,5,0,0
2921,13,9,5,4
2439,18,11,13,8
3469,2,2,0,0
535,4,2,0,0
3281,7,6,1,1
1011,25,17,19,14
1497,25,7,0,0
2845,30,20,31,22
2270,2,1,0,0
2411,32,11,28,12
808,80,15,56,6
1542,10,6,12,7
508,30,8,0,0
2127,36,7,27,6
719,26,9,10,4
777,34,12,2,1
1391,3,3,0,0
1462,12,6,10,8
2788,13,10,4,4
2882,31,13,21,14
1428,34,7,12,1
792,36,12,14,5
2940,0,0,0,0
938,9,6,3,3
2384,3,3,0,0
1403,72,19,30,13
1926,17,10,1,1
1511,8,3,0,0
2261,12,7,10,4
2537,27,17,12,9
3386,16,4,10,3
2505,13,9,11,6
1395,18,5,0,0
2225,20,12,10,9
2785,7,7,0,0
3267,14,8,5,5
1953,13,8,5,4
1947,1,1,0,0
3524,4,1,1,1
2400,2,1,0,0
3404,2,2,0,0
2847,4,2,0,0
1805,23,8,0,0
3489,3,1,0,0
326,2,2,0,0
2354,34,11,4,2
254,42,10,0,0
1475,4,4,0,0
1490,40,18,25,16
564,108,10,0,0
1380,32,7,12,4
3385,17,8,14,7
1800,21,11,5,5
2756,23,10,9,9
1961,10,6,0,0
1154,3,3,0,0
2556,4,4,0,0
407,22,12,4,4
1432,9,8,10,8
1370,36,11,52,15
1302,29,16,12,8
3068,17,11,6,5
2710,25,14,15,8
742,14,10,2,2
2557,23,14,7,5
2421,9,7,16,12
3056,32,9,10,5
218,18,7,0,0
1950,11,7,2,2
1722,16,8,2,2
1875,6,6,0,0
1725,13,10,8,7
448,22,7,0,0
2422,18,9,4,4
3090,27,13,10,9
743,30,10,4,2
1299,32,9,12,5
1856,74,22,48,20
1872,21,9,8,6
3051,80,8,8,2
1402,14,5,0,0
2139,8,3,0,0
375,57,11,6,2
1488,7,7,0,0
2612,14,7,4,3
1709,24,8,8,4
1731,2,2,0,0
1777,17,9,6,3
2215,5,4,0,0
2733,27,14,18,14
3265,52,11,16,6
1726,16,9,18,14
3437,18,5,2,1
661,38,10,6,3
387,22,11,6,5
2655,22,10,19,11
3212,39,20,28,13
3461,8,4,3,3
2476,6,5,0,0
2381,20,7,14,6
1394,19,10,4,4
2746,29,13,22,14
543,2,2,0,0
2674,38,9,12,6
726,42,12,0,0
233,72,11,36,5
632,12,8,0,0
2708,33,15,25,15
1310,32,8,40,14
701,20,8,0,0
283,48,8,0,0
3018,10,4,1,1
3406,16,8,13,7
2205,6,4,0,0
2668,14,5,2,1
703,60,12,9,2
2607,48,13,3,1
2697,13,6,1,1
1412,6,4,0,0
2491,16,7,24,10
3180,42,13,16,6
3258,12,8,2,2
3121,7,5,4,4
2061,22,11,4,4
1504,52,16,18,7
1773,4,3,0,0
3050,48,9,33,11
1514,25,11,12,6
2662,15,6,2,1
1995,125,15,65,11
1158,52,10,20,6
1718,3,3,0,0
1241,25,10,21,14
2617,28,6,4,1
2271,4,3,4,3
1023,2,2,0,0
2363,18,8,5,5
1450,22,12,12,11
2929,48,18,10,4
2009,70,21,32,12
488,44,14,16,7
585,66,13,36,7
2792,58,13,32,14
3413,4,3,1,1
2198,10,9,3,2
2942,7,7,1,1
1240,15,9,4,3
1687,26,14,22,12
3287,8,5,0,0
806,40,12,6,3
3075,14,11,1,1
484,34,9,2,1
3228,20,9,0,0
247,68,11,40,6
589,34,12,6,3
3172,12,7,1,1
974,11,7,0,0
3199,5,4,0,0
800,128,11,36,2
1789,56,9,44,7
1191,8,7,3,3
1895,31,12,27,16
1999,14,7,0,0
2920,33,16,19,10
2606,17,5,2,1
1498,23,12,15,8
2627,56,5,4,1
536,22,7,14,7
311,18,10,3,3
1235,29,15,12,10
2059,6,5,0,0
1784,6,5,0,0
1996,5,4,0,0
308,8,6,0,0
2288,1,1,0,0
1779,27,17,19,16
2615,10,6,0,0
1850,16,11,1,1
2865,24,14,19,14
2713,24,16,10,6
980,25,19,21,18
385,32,9,10,4
1844,42,9,0,0
493,10,7,0,0
3205,33,18,20,15
2773,14,6,2,1
2769,57,8,15,4
580,21,12,1,1
1766,6,5,0,0
553,46,14,24,6
2023,10,4,4,3
274,69,14,30,10
2754,24,7,6,2
1251,64,10,52,9
309,18,10,16,13
3405,42,10,18,6
1444,30,6,0,0
490,40,13,4,2
2667,40,12,30,11
1453,26,10,16,6
1458,23,15,8,5
2299,27,14,12,8
412,20,8,2,1
1237,22,12,27,18
2021,6,3,0,0
1553,15,8,3,3
2571,6,2,0,0
2987,6,4,3,3
2443,10,3,0,0
300,115,13,150,13
1457,16,10,0,0
2649,9,7,6,4
2829,2,1,0,0
635,2,2,0,0
2450,8,6,0,0
2297,3,3,0,0
763,88,12,44,7
2136,1,1,0,0
517,2,2,0,0
2980,14,5,4,2
2874,44,2,4,1
3424,12,4,6,3
2088,12,5,0,0
2039,12,6,2,2
959,2,2,0,0
2145,17,12,8,8
1400,11,9,3,3
1932,12,7,1,1
2034,8,5,1,1
2252,5,4,0,0
3096,16,5,0,0
3375,1,1,0,0
2405,16,10,0,0
437,8,6,0,0
3326,18,7,6,3
446,21,8,1,1
2286,3,3,0,0
1757,11,7,2,2
2053,10,4,1,1
2352,2,2,0,0
2498,3,2,0,0
2600,2,2,0,0
2737,2,1,1,1
2472,2,2,0,0
3475,9,2,1,1
212,30,10,8,2
1335,1,1,0,0
1508,4,3,0,0
3284,7,3,0,0
3420,2,1,0,0
2140,1,1,0,0
2128,81,14,24,8
3087,46,12,42,16
1027,1,1,0,0
3516,12,2,0,0
346,32,6,0,0
1711,36,6,21,3
2429,5,4,0,0
1793,50,8,8,2
2182,28,7,2,1
1297,56,6,8,2
496,116,15,60,13
1767,12,5,0,0
2068,36,12,24,9
2827,46,15,46,17
1714,27,16,14,10
1159,96,11,32,7
1365,20,11,10,7
1070,12,6,2,2
1684,16,9,0,0
1228,15,8,4,4
1954,19,13,6,6
1479,14,6,0,0
2852,31,15,7,7
630,18,11,4,3
2122,13,9,0,0
2180,4,4,0,0
674,10,8,4,4
290,3,3,0,0
1470,15,8,0,0
1229,9,8,2,2
331,22,8,0,0
3166,0,0,0,0
3159,17,10,0,0
2984,84,14,27,6
2274,16,6,0,0
3162,22,9,11,7
3126,12,10,5,5
1539,36,11,2,1
1342,34,13,14,9
1001,25,14,13,8
1748,10,6,3,3
736,6,3,0,0
1751,4,3,0,0
2482,22,15,13,9
2333,4,4,0,0
2090,14,11,7,7
1348,5,4,0,0
1733,66,16,28,10
1525,20,14,11,10
989,31,15,3,3
1710,42,14,18,9
1979,11,6,2,1
1802,8,7,0,0
3464,4,1,0,0
505,4,3,0,0
2963,9,6,4,3
764,5,4,0,0
1025,51,9,9,3
2502,78,15,51,14
2343,3,3,0,0
469,66,11,48,6
2901,19,10,10,6
3360,24,7,4,2
374,36,9,10,5
2468,26,11,42,14
3163,1,1,1,1
3207,46,17,18,9
3307,13,8,10,6
2592,50,13,26,7
716,25,13,14,10
330,36,9,4,2
1938,17,13,12,12
2086,7,6,1,1
1813,17,9,10,6
1974,30,6,10,3
2590,13,8,3,3
1738,18,12,3,3
1383,10,7,0,0
3328,15,9,10,4
2636,66,17,32,12
2079,10,5,13,6
603,13,10,0,0
3367,4,2,3,2
1907,1,1,0,0
1150,4,4,0,0
467,38,14,12,5
627,11,7,0,0
2337,5,4,0,0
1695,30,15,7,6
781,45,10,0,0
738,39,10,6,1
2368,14,12,26,18
639,18,6,0,0
2813,6,5,4,4
1468,2,2,0,0
2463,21,12,0,0
990,8,6,0,0
2718,117,21,81,19
2347,16,8,2,2
1098,2,2,0,0
755,8,6,1,1
3191,17,10,7,6
809,44,13,40,19
2927,60,13,42,10
323,36,11,0,0
527,74,21,38,17
1702,16,13,1,1
2455,6,4,0,0
2604,35,17,38,19
2584,2,2,0,0
2296,13,11,1,1
2651,12,5,0,0
2716,48,9,24,6
602,10,8,0,0
2203,8,4,2,1
2863,18,12,17,12
1267,2,2,0,0
739,25,17,8,8
408,22,7,0,0
1144,13,8,4,4
669,42,9,28,5
1827,4,3,0,0
2014,7,4,1,1
935,13,10,4,3
3107,33,5,9,2
253,38,13,2,1
2328,26,15,19,15
3526,2,1,0,0
2379,15,8,7,7
1933,28,8,14,6
2960,12,3,4,1
3084,30,14,14,12
3115,34,17,33,18
1443,3,3,0,0
1143,1,1,0,0
292,48,12,8,4
2665,18,8,1,1
1801,4,3,0,0
2787,9,6,2,2
368,62,8,20,3
1811,10,7,0,0
1253,3,3,0,0
688,20,11,7,4
2375,9,6,3,3
465,72,11,24,2
3263,2,2,0,0
2511,8,6,0,0
2516,5,4,0,0
2016,13,9,5,3
1946,8,7,0,0
2029,18,6,9,3
1568,78,12,0,0
2266,12,5,2,1
2923,31,16,34,17
316,22,8,0,0
3474,7,2,1,1
2758,5,4,0,0
236,52,11,48,13
2096,14,6,30,8
3401,24,5,22,6
229,4,3,0,0
779,2,2,0,0
2453,31,17,14,12
2115,3,2,0,0
2213,10,4,2,2
2676,17,11,10,8
690,64,15,52,13
3341,0,0,0,0
1826,13,7,0,0
382,19,16,15,12
2387,2,2,0,0
3506,1,1,0,0
640,10,8,1,1
3208,35,5,5,1
3278,0,0,0,0
3020,9,6,1,1
2857,12,5,0,0
1866,12,4,0,0
3279,20,7,2,1
3388,4,3,0,0
1496,2,2,0,0
773,19,10,2,1
3536,1,1,0,0
2776,11,4,3,2
689,30,10,4,2
2374,20,6,8,4
2896,48,14,28,10
2958,12,8,8,5
3304,20,8,14,8
786,23,15,13,10
1300,4,4,0,0
1286,3,3,0,0
2151,8,5,1,1
611,1,1,0,0
1787,6,2,0,0
3470,2,1,0,0
1904,3,3,0,0
3409,5,3,2,2
3112,2,2,1,1
3310,90,8,5,1
1062,4,2,0,0
3451,2,2,0,0
961,2,2,0,0
948,12,5,0,0
3061,15,12,7,7
2695,14,7,10,6
2078,18,11,14,9
322,39,8,3,1
2602,54,9,3,1
2675,7,6,3,3
1248,31,20,11,11
3104,70,18,48,16
2364,22,11,9,6
2031,7,5,0,0
2613,5,4,0,0
3119,4,3,1,1
2208,15,12,8,8
482,34,14,2,1
1921,24,6,6,2
2049,52,10,24,5
978,24,11,19,8
474,51,12,9,2
1791,69,15,60,12
3157,4,2,0,0
754,34,11,10,4
2196,57,12,6,2
2262,22,16,7,6
2897,38,8,14,4
2966,14,11,10,10
1769,29,15,25,17
3289,17,11,9,8
1513,4,4,2,2
2719,26,5,0,0
1944,6,4,0,0
1986,4,3,0,0
1161,30,7,18,7
1817,10,5,2,2
885,30,10,0,0
452,50,13,28,11
3070,15,5,1,1
2413,26,13,9,6
1238,13,7,3,2
1019,40,19,16,15
1682,30,9,12,3
2828,13,9,0,0
2335,6,5,0,0
2924,34,12,10,4
2378,10,7,1,1
2011,19,13,12,8
3403,50,10,22,6
626,14,8,0,0
1000,10,8,5,5
1420,8,5,0,0
1282,10,5,0,0
2350,3,3,0,0
1242,15,8,13,12
1818,10,4,2,1
2908,7,6,4,4
525,18,12,9,8
2457,23,11,10,6
2597,24,4,0,0
2810,5,5,0,0
2750,17,11,10,8
3236,16,10,9,6
1851,10,6,0,0
2420,2,2,0,0
2160,24,6,9,3
3086,15,9,5,5
2177,1,1,0,0
477,60,19,32,12
2062,11,8,3,2
1512,27,16,11,10
335,9,7,0,0
3248,17,9,2,1
1230,10,4,0,0
2050,38,11,26,7
1320,14,10,5,4
2419,18,7,2,1
1278,2,2,0,0
506,2,2,0,0
699,8,6,0,0
2524,2,2,0,0
2295,7,5,0,0
1863,13,6,5,3
2965,63,12,27,7
807,42,10,2,1
3233,13,4,1,1
1814,3,3,1,1
2452,3,2,0,0
1035,19,7,3,2
2344,5,4,0,0
475,19,8,5,3
1364,14,9,6,3
1529,4,4,0,0
1169,14,9,4,3
2853,26,15,18,13
2532,8,3,7,3
2526,42,9,24,5
1313,19,14,10,9
2730,12,6,3,3
704,104,11,100,15
785,38,13,0,0
2093,12,5,0,0
2753,19,5,3,2
3389,4,2,0,0
3256,24,5,9,3
1754,6,4,0,0
2267,6,4,0,0
655,18,7,0,0
1095,18,11,4,4
3246,36,20,20,12
2641,12,5,0,0
1047,4,3,2,2
3216,35,14,36,17
2012,48,12,30,7
2134,11,9,9,9
1840,11,9,3,3
3250,4,2,0,0
3211,15,8,2,2
3109,9,6,0,0
3066,3,2,0,0
680,16,8,0,0
3106,29,13,13,10
2114,18,6,0,0
1123,14,8,2,2
2300,5,4,0,0
668,84,13,54,11
355,16,5,0,0
3435,18,8,5,4
2510,26,9,6,3
3301,2,1,0,0
3064,35,19,17,12
769,36,9,0,0
3117,62,12,0,0
1550,26,7,4,1
2002,34,10,54,18
562,32,11,4,2
1478,30,15,9,7
2529,48,18,38,14
3332,0,0,0,0
1171,28,15,14,9
2930,7,5,5,4
3242,8,6,5,3
2539,7,6,0,0
2406,40,9,0,0
2690,37,17,25,10
3274,24,9,9,8
2326,32,10,22,10
2578,34,8,12,3
2860,0,0,0,0
305,115,12,15,3
1712,36,11,12,5
2490,19,9,5,5
1807,36,6,2,1
2513,81,13,24,7
1919,24,12,22,14
3313,12,10,5,5
884,16,8,12,6
1859,46,14,16,8
2726,1,1,1,1
3082,34,13,30,11
2120,7,5,0,0
2356,13,7,1,1
1968,5,3,0,0
2635,21,15,13,12
1959,20,6,12,5
2807,4,1,0,0
3271,19,10,12,9
542,88,13,36,7
1455,11,8,5,5
301,30,8,0,0
470,57,12,36,9
2099,10,8,4,4
2553,26,10,6,3
963,1,1,0,0
3478,2,1,0,0
245,48,9,0,0
637,16,7,0,0
1669,24,5,26,10
1911,19,12,6,6
2276,32,7,0,0
2685,54,8,30,8
1153,17,9,5,4
3295,63,13,15,5
2729,24,10,12,5
1387,19,14,12,11
2886,16,11,5,4
1157,13,9,7,7
698,7,5,0,0
2150,7,7,1,1
782,27,7,0,0
2047,15,5,0,0
386,30,7,0,0
2424,32,7,22,9
3223,24,10,2,1
1704,48,18,38,16
2598,50,15,18,7
2591,12,5,0,0
2071,19,14,10,8
697,18,7,0,0
1283,5,4,1,1
2278,14,9,4,4
696,7,5,0,0
2736,16,10,6,5
278,8,4,0,0
3113,80,13,0,0
3300,22,6,4,3
371,9,6,0,0
227,14,6,0,0
1166,16,4,2,1
2749,12,2,8,2
857,1,1,0,0
780,1,1,0,0
3001,11,6,6,4
372,6,5,0,0
2700,10,7,2,2
1774,12,10,7,5
510,60,10,16,3
261,38,12,22,9
1448,14,9,11,10
3169,2,2,0,0
3235,5,2,0,0
2221,2,2,0,0
3237,6,3,0,0
2496,6,3,0,0
784,8,2,0,0
2565,3,3,0,0
1781,1,1,0,0
762,4,3,0,0
2367,46,12,28,10
972,7,6,0,0
410,66,11,3,1
2179,4,3,0,0
2201,26,8,10,5
1338,20,11,8,7
676,45,8,0,0
2936,7,5,1,1
1250,5,4,0,0
3266,3,3,1,1
438,22,14,19,15
1486,2,2,0,0
1445,18,13,9,9
2149,15,11,9,6
1806,24,8,6,3
451,40,12,16,8
298,39,9,0,0
2467,2,2,0,0
2290,6,5,0,0
582,28,10,2,1
2477,15,7,14,7
973,12,5,2,1
489,48,12,26,9
3194,46,8,4,1
812,51,12,21,3
2996,29,18,21,13
964,21,13,8,7
2156,15,7,0,0
384,21,5,0,0
1065,39,10,9,3
2311,19,9,9,5
2838,15,9,7,7
396,29,15,5,4
342,19,9,7,6
1163,17,8,4,3
2253,5,4,0,0
2376,22,11,10,6
2849,9,5,0,0
2599,24,6,2,1
3140,36,14,30,12
2534,5,4,0,0
1810,4,4,0,0
1431,18,13,14,10
3035,25,16,12,8
1414,8,6,2,2
3259,14,7,3,3
2596,29,14,18,12
498,36,11,16,7
1922,7,5,0,0
1778,8,7,0,0
1291,3,3,0,0
3178,14,9,1,1
765,8,6,0,0
805,32,11,0,0
744,40,8,2,1
2044,25,15,13,11
1878,18,8,7,5
710,23,13,10,9
358,18,7,0,0
672,24,8,2,1
2241,16,9,4,2
1333,5,4,0,0
2500,9,3,0,0
1254,8,3,0,0
1761,28,13,22,9
1534,7,6,0,0
1094,10,7,0,0
2358,3,2,0,0
1824,46,9,4,2
2899,13,7,6,4
1717,21,11,14,8
732,7,5,0,0
1560,24,7,0,0
2868,11,3,0,0
2269,5,4,0,0
889,27,7,3,1
1753,29,18,10,9
414,34,9,0,0
613,3,3,0,0
2944,0,0,0,0
1526,30,9,44,15
2257,22,7,0,0
2460,5,4,0,0
1691,30,14,21,14
3182,13,7,1,1
2481,18,12,9,6
449,20,11,4,3
2503,2,1,0,0
2701,22,11,21,9
1406,19,12,5,4
1334,4,4,0,0
811,1,1,0,0
1192,21,14,11,11
1505,18,13,6,6
521,80,11,4,1
1024,34,12,8,4
2933,25,14,13,7
3097,44,13,34,11
3158,42,7,3,1
3052,28,14,9,8
2703,56,12,22,7
1288,14,7,10,4
682,6,3,2,1
1341,15,10,2,2
1344,35,21,12,10
3308,34,10,16,6
1719,40,13,22,9
2409,14,8,4,3
1520,9,5,1,1
3499,2,1,0,0
798,88,13,32,6
487,72,13,51,10
2568,22,10,0,0
1146,36,10,14,6
281,7,5,0,0
2431,9,6,5,5
2212,22,7,12,6
255,20,7,0,0
1050,6,5,0,0
1122,14,7,0,0
1887,8,5,0,0
1873,33,12,19,10
2982,12,4,0,0
2414,28,8,46,12
1962,7,7,3,3
3240,13,10,2,2
2711,24,15,18,13
1988,20,11,35,18
1756,3,3,0,0
2983,35,18,16,12
1255,6,3,0,0
2646,52,4,0,0
2259,10,4,0,0
217,19,12,15,6
3312,22,9,8,4
1983,48,16,8,4
3535,2,1,0,0
1739,15,6,8,3
790,22,14,9,8
1842,4,3,0,0
3527,3,1,0,0
557,30,15,29,19
1546,34,13,20,9
343,68,10,24,5
566,60,11,21,6
1834,8,4,0,0
2554,26,17,12,11
2931,28,4,6,3
3102,7,6,1,1
1562,40,12,8,4
2871,32,11,14,6
1676,2,2,0,0
2108,36,10,26,10
2546,10,8,2,2
3072,5,3,0,0
1413,12,7,0,0
565,5,4,0,0
1147,2,2,0,0
2232,4,3,0,0
299,2,2,0,0
1220,17,7,2,2
3376,19,7,16,10
1343,6,5,0,0
3548,3,1,0,0
979,48,11,21,7
727,8,5,0,0
2816,24,11,20,8
2231,6,4,0,0
214,7,6,0,0
2097,3,2,0,0
1349,48,10,18,4
2609,42,14,4,2
3255,2,1,0,0
2289,12,4,0,0
1369,17,12,12,11
2074,5,4,0,0
746,18,10,4,3
615,39,8,6,2
1134,22,10,2,1
440,60,13,3,1
1417,9,6,1,1
3432,20,2,4,2
2158,7,6,0,0
2320,12,4,0,0
1499,1,1,0,0
3365,8,4,4,3
1841,1,1,0,0
2653,26,9,6,3
1708,1,1,0,0
370,9,7,0,0
3028,5,3,3,3
2204,2,2,1,1
3017,27,17,22,15
645,28,6,0,0
304,50,16,40,11
578,24,8,0,0
3218,26,7,12,5
1780,26,16,17,14
1549,11,9,20,15
2802,72,7,16,4
3317,28,10,14,9
1190,16,12,15,13
667,92,14,44,10
1139,37,13,9,6
2875,25,16,22,15
209,81,15,42,10
1799,50,14,30,12
1552,21,16,13,13
3241,68,14,56,13
581,6,5,0,0
3319,17,9,13,10
666,23,11,20,6
2025,11,7,4,3
2372,20,6,6,3
1936,12,6,3,3
1392,6,3,0,0
1795,5,4,1,1
1339,11,9,5,5
2255,11,6,1,1
2226,2,2,0,0
486,10,7,2,2
2043,15,8,2,2
1997,3,3,0,0
815,18,6,0,0
1429,15,9,2,2
2831,36,8,14,5
1372,11,7,5,4
538,25,14,16,13
2693,33,19,21,15
694,40,8,16,4
1390,36,12,18,7
511,19,10,6,2
3160,6,4,1,1
2475,8,7,3,3
2223,12,9,5,5
244,189,16,245,16
354,25,10,25,16
1545,9,6,1,1
618,78,13,48,8
519,16,6,0,0
2155,4,3,0,0
1883,28,8,42,10
296,25,13,18,13
3456,4,2,0,0
491,9,7,0,0
2211,7,6,1,1
733,14,11,16,9
459,22,12,8,7
2742,66,18,32,11
1472,27,8,6,2
3442,15,2,0,0
1697,44,7,0,0
1376,23,14,14,9
2692,80,14,44,10
3346,13,5,5,5
797,21,14,0,0
3325,17,6,1,1
1948,14,9,3,3
3214,16,7,1,1
2084,29,13,21,14
1068,5,4,0,0
572,66,11,21,7
2579,24,7,2,1
2163,8,7,1,1
291,12,7,0,0
2820,224,14,147,8
3048,26,7,16,4
456,40,7,4,1
1054,7,5,0,0
1425,4,4,2,2
1843,24,10,11,9
1934,15,9,7,5
1419,51,9,15,4
1816,20,6,2,1
713,44,6,12,2
662,17,9,9,3
3334,1,1,0,0
3081,12,5,6,3
1409,1,1,0,0
1442,3,3,0,0
1776,12,8,3,3
2731,50,18,36,16
1433,8,4,0,0
752,240,11,30,2
1940,16,4,6,2
260,44,12,26,8
3173,186,17,126,13
2622,16,12,6,6
1745,10,6,5,5
2112,13,11,5,5
789,9,6,0,0
2521,19,10,9,5
3176,30,13,13,8
1870,25,7,5,4
2317,5,4,0,0
413,4,4,0,0
2535,23,17,21,18
2459,4,4,0,0
1696,12,6,0,0
2389,6,3,0,0
2425,13,8,2,2
1557,16,10,1,1
2995,30,7,2,1
550,32,17,20,17
3044,19,11,4,4
3444,2,2,1,1
2075,3,2,0,0
1775,38,12,20,7
2777,8,7,0,0
2566,39,7,6,2
2141,8,3,0,0
2533,60,10,12,4
3252,20,8,14,6
2800,36,6,18,5
2907,16,9,7,6
2985,18,13,17,14
1976,18,5,0,0
2412,27,7,6,2
1963,10,7,3,3
1317,74,17,50,15
257,34,12,8,4
2398,29,14,9,9
3323,26,10,6,3
2143,44,13,36,14
1771,23,10,28,9
2593,17,11,2,2
774,28,13,12,5
2780,15,11,2,2
2189,32,10,0,0
3039,0,0,0,0
2830,84,16,64,10
266,21,14,3,3
1563,18,8,7,1
770,3,3,0,0
2889,44,11,30,11
1350,32,11,26,10
325,40,12,18,8
1493,2,2,0,0
702,12,7,0,0
2805,4,2,2,1
2003,10,7,1,1
2230,6,3,0,0
1564,21,13,13,11
1700,66,16,12,6
2961,19,7,10,5
2260,56,10,24,5
1991,29,14,8,8
2781,6,4,0,0
3294,22,6,0,0
2388,23,11,23,8
2100,38,11,10,4
238,6,5,0,0
1510,11,8,6,4
2294,17,9,2,1
2135,26,15,7,7
2076,4,3,0,0
2281,21,9,8,5
2073,9,6,1,1
1906,34,10,10,5
953,23,11,15,10
2058,4,2,0,0
1162,25,10,18,10
337,2,2,0,0
621,19,13,6,5
497,19,10,6,5
1828,34,10,4,2
3243,24,9,34,11
1463,2,2,0,0
1782,2,2,0,0
3357,12,4,4,2
534,24,5,0,0
2522,4,4,0,0
3502,9,1,3,1
2194,34,9,12,4
3059,10,5,2,2
883,36,11,26,13
3302,1,1,0,0
1797,11,7,8,5
3229,6,2,3,1
1790,12,5,11,9
1982,38,10,10,5
2508,16,7,0,0
1003,28,5,2,1
1855,9,7,0,0
380,8,6,0,0
2841,25,12,23,12
3288,10,2,5,1
295,1,1,0,0
2957,0,0,0,0
2544,10,4,0,0
2888,22,7,2,1
1896,8,7,2,2
3116,41,17,30,9
345,25,14,8,7
991,64,11,24,6
1720,22,16,4,4
2407,26,13,8,8
1930,96,13,76,12
3124,28,13,20,8
1060,20,15,6,5
2840,18,8,6,6
1477,7,4,1,1
2806,15,7,3,2
373,80,13,36,7
707,39,11,0,0
1347,27,13,13,10
567,22,7,0,0
1758,5,4,0,0
695,42,12,12,3
2633,15,7,4,3
2089,6,5,0,0
1367,19,10,12,9
2026,24,13,7,6
700,50,11,0,0
2465,10,4,0,0
2570,10,4,0,0
1544,2,2,0,0
1064,40,9,20,3
524,30,11,0,0
2740,54,15,51,13
1118,7,4,1,1
2403,6,5,1,1
954,23,15,10,9
2298,21,8,3,2
3314,13,10,1,1
2538,24,14,9,7
3198,80,18,52,14
947,18,6,0,0
249,88,11,52,8
3036,22,14,20,13
1899,25,15,10,8
3046,36,21,14,13
1716,22,8,4,2
2821,6,2,0,0
3213,12,7,9,6
936,44,14,2,1
409,28,8,0,0
1093,4,4,0,0
1741,28,9,12,4
1189,10,5,1,1
3344,3,3,0,0
1005,24,7,4,2
2988,14,10,14,11
2492,36,10,14,7
619,12,8,1,1
2704,28,14,2,2
2483,18,5,0,0
729,18,7,0,0
677,44,14,26,10
1149,66,11,24,7
3394,40,6,0,0
2193,4,3,0,0
2239,19,12,9,5
656,56,13,20,6
685,50,14,32,13
2928,2,1,0,0
314,69,11,15,3
2560,10,9,0,0
653,6,3,0,0
2484,23,13,15,10
2284,3,3,0,0
3078,16,9,10,7
3232,23,9,12,4
886,100,13,20,4
1528,8,4,0,0
2445,35,18,16,12
1755,2,2,0,0
2410,46,14,20,9
1330,10,5,0,0
390,24,16,15,10
262,15,9,4,4
1877,25,12,0,0
3453,6,3,4,2
1464,27,17,23,16
3347,30,6,3,1
2881,36,8,4,1
2268,31,19,5,5
2370,28,11,40,16
1193,18,5,0,0
1357,78,12,48,9
2779,5,4,0,0
364,48,8,15,5
2437,13,7,1,1
1471,12,5,2,1
2362,56,9,24,4
1301,29,12,18,10
258,18,13,14,11
942,10,4,0,0
1446,2,2,0,0
1451,12,10,3,3
356,18,6,0,0
2171,27,17,12,9
614,34,9,32,8
1252,18,7,6,3
2514,19,12,13,7
1565,6,4,2,2
2390,4,3,0,0
2048,14,6,2,1
2121,25,10,4,3
2017,4,3,0,0
714,42,11,2,1
2470,21,9,4,3
1742,2,2,0,0
2391,24,12,13,10
1918,8,7,1,1
671,5,5,0,0
2956,30,8,3,1
3062,28,5,2,1
2715,10,4,6,3
895,20,9,3,3
2790,12,5,0,0
2822,16,9,5,4
2366,30,16,3,3
2774,1,1,1,1
222,27,8,0,0
1408,22,11,7,4
3045,12,4,0,0
2042,16,7,0,0
3293,15,13,14,12
2765,13,11,13,13
287,4,3,0,0
1312,9,7,0,0
1089,19,15,0,0
2323,6,4,0,0
3417,20,7,13,7
471,16,9,3,3
2095,5,4,0,0
715,34,11,6,3
658,15,9,1,1
2689,60,14,52,9
2235,108,18,68,12
3361,4,2,2,1
3280,5,2,0,0
436,3,3,0,0
1127,16,10,0,0
2314,4,4,0,0
568,24,5,0,0
518,14,8,1,1
2877,18,6,6,2
1538,10,7,2,2
1274,18,5,0,0
2206,6,5,0,0
1013,20,17,7,6
2214,14,6,2,1
2910,2,2,0,0
988,4,3,0,0
2342,72,15,9,3
2747,48,12,30,11
776,51,9,12,3
1971,6,5,1,1
2981,15,7,5,4
706,17,9,6,2
1042,36,7,0,0
1130,13,6,1,1
1172,29,16,17,12
1167,54,14,22,11
2906,35,16,25,17
2318,13,10,5,5
2479,15,8,18,11
3239,50,11,20,6
3174,30,14,11,8
3292,14,3,0,0
3513,1,1,0,0
3041,11,3,1,1
2159,12,4,0,0
2640,18,6,0,0
1465,18,10,0,0
2531,2,2,0,0
1985,2,1,0,0
1287,11,3,1,1
3356,24,12,19,11
2986,24,13,12,11
3190,44,10,12,5
2573,4,3,0,0
3457,14,5,12,4
2444,17,9,3,3
1362,13,9,1,1
1901,32,8,6,3
720,3,3,0,0
2312,12,5,0,0
1516,10,5,2,1
463,8,2,0,0
1168,8,3,0,0
3177,1,1,0,0
1760,0,0,0,0
1558,14,6,2,2
2919,15,7,0,0
573,10,5,0,0
3238,0,0,0,0
3040,11,2,0,0
1434,15,10,14,8
1485,5,4,1,1
2812,9,7,5,3
3446,2,2,2,2
1473,3,3,0,0
2811,24,13,18,11
2955,18,7,2,1
367,24,6,0,0
3377,12,5,0,0
2015,5,5,0,0
3257,23,12,14,9
2518,12,8,0,0
2707,26,11,10,5
1914,18,5,6,1
1912,8,5,2,2
3195,1,1,0,0
223,5,4,0,0
2798,10,5,6,3
3189,60,14,50,17
2199,22,10,9,5
1354,18,10,2,2
2123,8,5,3,3
2709,18,14,14,12
1721,16,7,4,2
454,18,7,0,0
1503,17,12,6,4
2336,15,10,1,1
3193,52,13,14,6
3184,15,7,1,1
1239,12,8,5,3
363,5,4,0,0
3539,1,1,0,0
2153,7,5,0,0
1785,6,5,0,0
3089,38,13,6,3
2911,84,14,45,9
1126,12,7,2,2
1750,34,16,24,18
1964,44,8,2,1
2738,38,12,22,9
2866,52,15,44,13
2501,5,5,0,0
1698,36,10,18,8
2305,14,9,3,2
3349,10,4,0,0
544,20,8,4,1
1422,11,9,8,8
2817,12,9,9,8
2306,21,12,15,7
651,60,12,8,3
2129,6,4,0,0
1461,21,16,1,1
3074,43,11,33,7
644,18,6,0,0
1276,21,14,12,10
2645,10,6,0,0
1356,4,4,0,0
2104,72,20,42,13
220,36,10,0,0
708,15,9,5,4
2070,10,5,0,0
503,63,11,21,5
1517,20,11,21,10
3009,40,15,26,10
2818,23,16,23,16
745,56,13,28,9
366,28,16,15,10
1285,32,16,18,12
480,18,11,1,1
1943,15,11,6,5
273,46,11,10,5
616,57,11,6,2
271,28,8,0,0
2207,8,5,0,0
1829,17,9,8,8
1923,21,12,7,7
633,3,3,0,0
2315,10,4,2,1
2823,13,9,7,5
338,28,14,20,12
2979,28,10,10,4
2316,14,7,0,0
598,12,9,0,0
2418,5,4,0,0
441,6,4,0,0
1269,5,4,0,0
2240,22,7,28,6
2124,16,11,6,5
3348,46,10,6,3
2195,12,5,2,1
1897,13,7,3,3
3122,48,9,8,2
2371,6,5,0,0
1561,4,4,0,0
1888,11,4,1,1
1882,23,13,9,8
1672,19,10,15,13
1942,84,17,36,11
2438,30,8,20,8
1927,8,4,2,2
270,8,6,0,0
2234,20,16,12,12
500,25,15,5,5
3067,15,6,7,5
1845,7,4,2,2
2067,8,6,4,4
1928,16,10,14,11
1735,12,7,1,1
1835,8,8,4,4
601,12,5,0,0
3395,13,7,2,2
608,20,10,10,7
2113,6,5,0,0
234,21,5,0,0
558,27,7,0,0
1671,12,5,0,0
1170,24,14,15,10
3426,12,6,0,0
2373,12,8,3,3
2057,6,4,1,1
584,5,4,0,0
1990,13,12,22,17
2060,52,13,2,1
591,34,11,10,5
3069,70,18,56,14
2743,102,17,68,12
1967,5,4,0,0
1830,15,7,5,3
2191,9,4,1,1
1145,16,10,4,3
3032,62,17,40,13
3416,6,4,0,0
590,11,8,0,0
2994,9,3,0,0
1340,24,7,2,1
2464,10,4,0,0
3254,12,8,7,6
2833,4,2,0,0
1886,4,4,0,0
2098,3,3,2,1
389,34,10,8,4
1389,6,5,0,0
3012,26,15,1,1
3327,25,10,10,6
349,7,4,2,1
303,30,11,4,2
3071,6,2,1,1
1688,10,8,0,0
2702,19,10,19,10
1706,14,8,9,4
2657,28,14,21,15
1699,18,4,2,1
515,20,7,0,0
766,48,14,8,4
2000,9,5,0,0
2670,48,11,20,7
1492,12,7,4,3
606,8,6,0,0
2254,8,7,2,2
2517,7,5,0,0
442,18,5,0,0
2893,7,4,0,0
595,22,9,0,0
2634,28,9,18,6
3322,8,5,4,3
3203,7,4,1,1
3335,11,4,11,7
3125,18,6,12,4
1889,6,5,0,0
2227,4,3,0,0
2870,22,10,13,9
2698,14,6,0,0
2092,51,24,35,22
2764,30,9,10,10
2843,12,6,7,7
2008,9,5,0,0
1978,24,8,30,12
1548,12,8,20,13
2487,68,9,16,3
2755,8,7,2,2
2844,87,16,69,12
2462,15,12,6,5
1898,5,5,0,0
951,4,4,0,0
2549,19,13,8,6
2575,2,2,0,0
3528,1,1,0,0
2324,6,4,0,0
339,9,7,0,0
2480,9,8,2,2
2890,11,9,6,5
3043,6,2,2,1
2586,9,7,1,1
3398,2,2,0,0
1730,87,17,66,18
2054,6,5,0,0
1734,3,3,0,0
2282,14,7,3,2
2905,24,3,0,0
1892,52,18,54,20
1752,4,4,0,0
3439,3,3,0,0
3272,20,14,15,13
2397,18,4,18,2
1853,2,2,0,0
950,32,8,8,2
3384,2,2,0,0
3298,0,0,0,0
215,21,6,0,0
1759,18,10,9,8
3486,4,2,0,0
230,1,1,0,0
1890,6,5,0,0
3363,21,6,9,3
1909,9,4,0,0
2762,156,17,116,15
539,9,7,0,0
2322,34,10,14,5
624,72,9,12,3
2706,40,11,14,7
1812,30,14,17,10
944,48,11,40,13
404,36,7,0,0
2478,9,5,3,2
1847,22,11,17,7
2426,8,4,0,0
1951,4,3,0,0
537,24,5,0,0
3251,58,10,10,3
592,32,10,12,6
2664,14,8,5,3
447,14,8,3,2
3431,1,1,0,0
2536,5,3,1,1
3282,7,2,2,2
2775,30,10,16,6
2885,88,19,52,16
1128,62,18,56,18
594,63,13,27,8
1284,54,15,22,8
2077,36,13,18,7
1958,90,13,72,10
737,32,8,0,0
3100,19,10,6,5
554,16,10,1,1
513,10,8,0,0
1831,14,8,6,6
1905,15,10,2,1
1474,8,6,1,1
982,15,9,5,4
1142,9,3,0,0
2791,6,5,1,1
2473,39,10,12,3
3111,39,9,12,4
1862,9,4,7,6
741,24,8,0,0
2142,6,2,0,0
2572,12,8,3,3
960,39,5,3,1
2552,16,10,0,0
1506,54,15,42,18
2152,40,13,24,10
2795,30,8,14,3
1381,2,2,0,0
3320,14,9,9,5
1430,6,5,0,0
3201,13,8,1,1
683,66,12,72,14
3249,40,7,0,0
2399,68,19,40,15
1099,12,5,0,0
2728,29,14,31,16
775,56,10,4,1
891,7,5,0,0
1456,6,3,0,0
1061,62,16,16,5
1059,26,14,15,10
3037,30,13,18,8
3095,20,7,10,4
1131,23,14,15,9
1902,6,6,1,1
1467,20,11,6,4
3428,6,3,6,3
3123,15,9,1,1
2301,13,7,0,0
2559,1,1,0,0
3049,34,18,17,12
3253,14,5,6,2
609,44,9,4,2
579,66,11,27,9
1681,30,4,0,0
267,45,10,6,1
2449,12,8,1,1
2022,34,11,2,1
3382,18,5,4,2
2770,15,9,7,6
1384,5,4,0,0
2605,14,6,2,1
2170,11,7,0,0
731,16,10,6,4
2087,22,13,13,10
2663,42,12,28,9
2116,8,3,2,1
2435,10,7,1,1
3336,13,9,5,3
545,42,10,0,0
600,55,6,0,0
2824,15,7,6,4
999,40,11,16,6
2851,11,8,7,5
3345,45,7,21,7
2834,13,9,8,7
560,18,7,0,0
1723,48,11,51,15
2712,5,4,0,0
2954,30,19,32,23
2771,26,16,6,4
3019,26,14,17,12
259,24,12,2,2
2661,14,7,6,2
324,88,14,52,12
329,44,15,18,8
548,16,11,3,3
246,48,16,36,16
977,3,3,0,0
516,32,6,0,0
1786,16,11,10,8
1257,15,10,5,4
3306,20,13,16,8
2656,81,14,36,7
3466,1,1,0,0
3411,18,4,4,2
1012,22,14,7,7
2265,23,14,8,7
1543,15,8,7,5
955,3,3,0,0
796,16,9,1,1
1424,20,12,16,12
2509,10,6,0,0
2427,24,9,20,6
1439,12,11,12,11
2903,21,11,10,8
2013,19,10,5,4
1836,23,12,14,11
3006,13,6,6,5
307,7,5,0,0
767,54,10,3,1
3021,28,5,0,0
593,56,15,52,20
1346,10,4,0,0
2619,60,14,14,5
3226,7,7,1,1
1966,26,17,4,4
3354,2,2,2,2
2209,21,11,10,7
2130,12,9,1,1
1861,1,1,0,0
967,16,6,0,0
512,33,7,3,1
2614,17,9,9,4
1115,18,8,6,6
1679,44,7,8,2
586,6,5,0,0
2686,33,6,0,0
657,110,11,5,1
485,13,8,1,1
709,16,7,0,0
1523,13,8,1,1
725,90,9,6,1
3055,34,9,22,8
3462,13,3,1,1
551,18,5,0,0
2819,38,13,14,5
241,54,12,24,6
2705,62,15,40,15
1768,5,5,0,0
1396,17,14,8,7
3422,9,3,0,0
958,13,9,3,3
2006,48,18,34,13
2137,2,2,0,0
2292,22,7,0,0
3350,60,6,8,2
3484,1,1,1,1
2461,11,7,5,5
2081,13,8,1,1
1500,12,8,4,4
2132,7,4,0,0
2434,19,10,10,8
1547,48,9,33,9
1977,21,6,0,0
1693,20,4,4,2
1385,88,10,52,10
946,2,2,0,0
628,18,5,0,0
256,46,11,30,11
3154,29,16,23,14
1960,4,3,0,0
599,34,11,16,5
502,4,2,0,0
2353,12,7,14,13
2671,42,10,0,0
2506,38,13,4,2
1673,2,2,0,0
768,48,10,10,4
533,13,9,4,2
3015,33,9,18,4
3379,9,6,1,1
1559,6,4,0,0
458,40,12,12,6
2734,12,9,4,3
2855,12,3,0,0
3498,2,1,2,1
3268,21,6,9,3
3514,4,1,0,0
2351,2,2,0,0
2543,4,2,0,0
2448,7,3,0,0
532,14,9,0,0
3148,8,6,0,0
514,7,5,0,0
3215,13,9,8,6
2577,1,1,0,0
3541,2,1,0,0
1067,26,18,11,10
3495,1,1,1,1
711,23,12,15,9
284,1,1,0,0
1026,3,3,0,0
3494,1,1,0,0
2279,12,3,0,0
3508,7,2,2,1
2101,6,3,0,0
751,6,5,0,0
1361,27,6,15,4
313,16,7,0,0
1796,18,10,0,0
3118,15,4,6,2
2319,12,7,5,3
2515,2,2,0,0
2757,36,11,16,8
1530,12,10,10,10
3179,19,12,16,12
3073,25,15,8,7
2126,29,14,13,10
1994,54,13,12,5
3244,24,12,8,4
1837,10,7,7,7
793,4,4,0,0
3227,54,6,27,4
717,19,10,3,3
2147,18,6,6,2
357,24,13,1,1
577,54,10,15,5
3023,11,8,2,2
1418,24,11,13,7
985,24,13,13,11
2027,5,4,0,0
2545,13,7,1,1
495,23,15,26,11
794,44,10,6,2
3085,60,15,40,13
2666,12,5,2,1
206,7,5,0,0
1881,9,6,16,8
3197,72,11,21,6
1903,25,15,5,4
3103,9,9,3,3
1194,16,6,2,2
3175,12,8,1,1
2856,28,9,14,5
392,84,12,52,10
1891,32,18,12,9
3222,2,2,1,1
1703,19,12,9,7
2804,10,5,0,0
757,12,6,0,0
2990,14,11,6,6
2175,16,10,12,6
913,22,12,4,3
216,24,9,2,1
3245,19,11,8,5
3034,41,20,26,17
659,48,11,2,1
2066,75,14,18,6
1410,3,3,0,0
681,20,7,0,0
1808,48,12,12,5
1772,4,3,0,0
2355,72,11,32,5
3186,30,15,16,14
728,40,12,4,1
1411,19,8,15,15
3483,12,2,4,2
634,50,8,0,0
2748,21,13,6,5
269,14,5,0,0
2035,22,9,24,9
403,40,13,14,6
2494,13,8,3,3
721,40,14,24,9
1820,52,16,18,9
2864,72,14,42,10
226,64,9,12,3
2028,90,18,54,14
2293,12,5,0,0
3366,116,11,28,4
2091,18,3,4,1
297,48,10,6,3
2404,69,14,45,10
2033,21,14,12,8
2024,27,13,13,6
2283,23,12,9,6
2222,25,9,7,5
1556,7,6,0,0
1484,18,5,0,0
1957,15,10,9,8
3133,80,19,74,19
2935,96,16,75,14
3165,87,13,27,7
1792,5,4,0,0
3373,11,4,2,2
2428,6,4,0,0
803,54,14,20,6
2408,18,8,4,2
1746,64,11,8,3
2172,13,8,4,4
1868,21,16,17,14
1186,13,7,0,0
1289,6,5,1,1
3053,10,5,6,3
660,12,8,0,0
2519,5,4,0,0
3423,12,6,2,1
547,6,6,0,0
1945,26,11,12,6
549,112,15,48,10
652,44,10,16,5
3368,22,10,15,9
992,5,4,0,0
2721,8,3,2,1
1674,25,17,16,14
350,12,4,0,0
3362,8,4,1,1
2386,6,5,0,0
1956,22,7,4,2
636,14,4,0,0
1762,12,5,4,2
1894,32,9,24,10
2551,25,8,10,6
509,12,5,0,0
3183,22,9,11,7
3076,28,13,8,6
1249,36,7,15,5
2878,34,14,13,8
2576,9,7,0,0
2219,6,5,0,0
1910,52,14,4,2
3185,21,10,14,8
941,19,10,2,2
1415,3,2,0,0
552,32,8,4,1
1156,5,4,0,0
1689,33,16,24,12
1423,11,7,1,1
1728,5,4,0,0
820,20,8,0,0
2527,12,8,0,0
2540,20,6,0,0
2783,13,4,2,2
740,14,10,3,3
1292,30,10,42,13
771,22,8,0,0
1043,34,14,13,10
211,5,4,0,0
1900,2,2,0,0
1838,15,14,2,2
1554,28,13,7,6
522,2,2,0,0
799,18,7,0,0
1040,2,2,0,0
3353,7,6,0,0
1992,4,3,0,0
1965,8,4,1,1
2010,7,5,1,1
2051,6,5,0,0
333,3,3,0,0
1184,10,7,3,3
2761,25,13,11,8
2639,38,12,22,9
2334,4,4,0,0
1765,63,13,42,9
3391,13,5,3,3
597,23,12,4,4
1727,5,5,0,0
381,45,7,0,0
3311,14,5,2,2
772,30,8,6,2
2585,13,4,1,1
1124,22,12,11,9
1566,2,2,0,0
328,2,1,0,0
2793,32,16,32,16
2138,24,15,16,10
1133,12,7,6,5
1263,17,10,19,13
228,5,4,0,0
541,27,7,0,0
2433,22,7,10,3
3450,7,1,0,0
3393,11,5,7,6
1437,8,6,0,0
1141,13,7,1,1
327,14,6,2,1
2876,18,6,2,1
1916,3,3,0,0
3396,11,6,2,2
3504,9,2,1,1
1701,6,2,0,0
3402,2,1,2,1
1366,1,1,0,0
3517,1,1,0,0
1233,3,3,1,1
943,2,2,0,0