user_id,login_score,module_score,module_frequency_score
2820,4,0,0
1700,4,2,1
273,3,4,1
2076,4,4,1
2638,0,0,0
2040,4,4,2
2070,3,2,1
318,3,2,1
1864,4,2,2
2080,4,2,1
1365,4,2,2
1967,0,0,0
1839,4,4,1
347,4,2,1
1771,4,2,2
1552,4,2,2
1425,4,1,0
1340,1,1,0
2776,0,0,0
1733,4,4,1
1564,4,2,1
2182,3,3,1
1914,3,2,1
2535,3,3,1
2226,0,0,0
2502,4,4,3
1392,3,1,0
1054,0,0,0
2141,4,4,2
1714,4,4,3
1470,3,2,1
2425,1,1,0
1472,4,2,1
2451,2,4,3
2521,4,2,1
764,0,0,0
1706,4,1,0
608,4,4,2
2254,3,3,2
2192,3,2,1
1228,4,2,2
2341,3,3,2
1799,4,2,1
951,0,0,0
1468,0,0,0
950,0,1,0
1936,4,4,2
643,4,3,2
527,4,4,1
2610,1,0,0
1135,4,3,1
229,0,0,0
1845,4,4,3
651,1,1,0
2107,4,2,1
1399,4,3,2
1314,3,2,1
1342,4,3,2
2054,2,2,1
469,3,3,1
2438,4,4,4
385,3,3,1
2021,2,1,0
1950,4,3,1
1844,4,4,1
1891,4,4,2
2351,0,0,0
1691,4,4,4
448,0,1,0
2145,4,3,2
1900,0,0,0
2494,4,4,2
1194,1,1,0
2617,0,0,0
599,0,3,1
2130,3,4,2
740,4,4,1
737,2,1,0
1370,4,4,2
800,4,4,1
514,0,2,1
2721,4,0,0
2585,2,0,0
485,3,3,1
2712,0,0,0
404,4,3,2
982,4,4,3
333,1,0,0
2023,4,3,1
1903,4,4,2
267,2,2,1
2414,4,4,1
2443,4,4,2
451,4,3,2
594,4,3,2
794,3,1,0
2434,4,4,1
1779,4,3,3
1862,4,4,4
1366,0,0,0
2478,4,2,1
725,3,3,1
548,3,3,1
721,4,3,1
2367,4,2,2
1837,3,3,2
2006,4,4,4
2431,4,4,2
1026,0,0,0
2283,4,1,0
1559,3,1,0
2568,4,2,1
2771,2,2,1
2614,1,1,0
2559,0,3,1
1746,4,2,1
1495,3,3,2
753,4,3,1
1790,1,1,0
2281,4,3,1
2555,4,2,1
1356,4,2,1
1253,2,0,0
1433,4,1,0
2385,4,4,1
752,0,2,1
486,3,3,2
292,4,3,1
1535,4,1,0
480,4,4,1
2501,0,0,0
2274,2,1,0
558,2,1,0
1974,2,2,1
2282,1,1,0
2412,4,2,1
2563,4,4,2
678,4,1,0
690,4,4,1
1748,3,2,2
1752,4,2,1
1797,4,4,3
1563,4,4,2
2084,4,4,3
2657,0,0,0
2676,2,1,0
499,4,4,3
2115,2,2,2
2459,1,1,0
2057,4,1,0
1935,4,2,1
2696,4,0,0
2308,4,4,2
1795,4,2,1
2112,4,4,3
733,4,4,4
1003,0,0,0
2106,4,4,2
323,4,4,2
1688,4,1,0
523,0,0,0
2194,4,3,2
220,4,3,2
238,0,0,0
1869,4,4,1
2558,4,3,1
1933,4,3,2
2016,4,4,1
614,4,3,1
1331,4,4,3
2062,4,4,1
2799,0,4,1
1451,4,4,1
2237,1,1,0
453,3,3,1
1330,0,1,0
2730,0,0,0
1238,3,3,1
2654,0,1,0
962,1,1,0
1760,0,0,0
334,0,0,0
2268,2,1,0
526,0,0,0
2295,0,0,0
1818,4,1,0
1930,3,3,1
1091,4,2,1
258,4,3,2
561,4,4,2
1264,4,4,1
1781,1,0,0
2188,4,4,1
237,0,0,0
625,3,2,2
2587,0,0,0
2049,4,4,3
1529,0,0,0
807,1,2,1
2200,2,2,1
654,3,3,2
2339,4,3,2
769,2,1,0
664,2,3,1
1874,0,0,0
2768,4,0,0
1567,4,2,1
1884,4,4,2
756,0,0,0
1252,2,0,0
2815,4,2,1
2150,3,1,0
2419,4,4,1
562,1,1,0
1161,4,4,1
2560,0,0,0
2020,4,4,4
784,0,0,0
1712,1,0,0
1140,4,3,1
585,3,3,1
2138,3,3,2
717,4,4,3
2449,0,1,0
1439,4,4,3
1450,4,4,2
2450,3,3,2
1957,4,2,1
1334,0,0,0
324,3,3,2
311,2,1,0
1292,4,4,1
2607,4,2,1
2147,4,4,3
1453,4,2,1
2476,0,0,0
327,3,3,2
577,4,2,2
1192,3,2,1
1257,4,2,1
659,3,2,1
1412,3,2,1
2288,2,2,1
2554,4,3,2
543,0,0,0
1834,3,3,1
1878,2,1,0
1566,0,0,0
1996,4,2,1
2612,2,1,0
1905,4,4,1
1962,4,2,2
2481,4,3,1
489,3,3,1
741,4,3,2
2671,4,0,0
1406,4,4,3
2252,0,1,0
1872,4,4,2
1131,4,4,2
1508,2,2,2
2609,3,2,1
1050,0,0,0
973,4,3,2
2311,3,3,1
2319,3,2,1
2773,4,0,0
743,3,3,2
1674,4,4,2
309,3,3,3
2286,0,0,0
537,4,3,2
2033,3,3,1
1430,0,1,0
1432,3,3,2
1523,4,2,1
1411,4,3,2
2253,3,0,0
1520,3,2,2
2599,2,2,2
768,4,4,1
1250,3,2,1
513,4,2,1
2310,4,2,1
954,4,4,2
478,0,0,0
655,3,0,0
371,1,3,1
210,4,3,1
265,0,1,0
2125,4,4,2
1002,4,3,2
1944,1,0,0
1477,4,4,1
2735,4,0,0
1256,4,4,3
2597,1,0,0
588,1,1,0
2105,3,4,2
2778,3,0,0
2740,4,1,0
1324,4,3,1
2524,0,0,0
1242,4,4,3
494,0,2,1
2640,4,0,0
2690,4,0,0
2641,2,2,2
2529,4,2,2
2099,4,4,3
2330,2,2,1
668,3,1,0
546,3,3,1
2183,0,0,0
2267,4,2,1
2026,4,4,1
2312,1,1,0
718,4,4,3
1462,4,4,1
1901,4,4,2
2752,4,0,0
2537,2,1,0
761,3,3,1
2361,3,0,0
326,2,2,1
2458,4,4,1
1880,4,4,3
1171,4,4,2
1089,4,2,1
1118,3,2,1
1981,4,4,1
2452,0,2,1
719,2,2,2
1064,4,4,1
1000,4,0,0
1090,3,4,2
2384,2,2,2
1020,4,4,2
620,0,0,0
715,4,4,2
658,4,3,1
476,1,1,0
1278,3,0,0
224,3,2,1
2732,4,0,0
345,4,3,1
2392,2,1,0
1386,1,1,0
2417,4,4,2
1959,4,1,0
1173,4,4,4
571,3,2,1
386,3,2,2
1737,4,4,2
1987,4,3,1
1947,3,0,0
988,4,4,3
205,3,0,0
700,3,3,1
2007,4,2,1
2323,1,1,0
605,2,2,1
956,0,0,0
2114,4,2,1
2055,4,3,2
604,4,4,1
2565,3,0,0
2416,3,3,2
685,4,3,1
1550,4,3,3
510,2,2,1
1172,4,4,4
2739,4,0,0
1724,4,4,2
1755,0,0,0
1452,4,2,1
2357,4,4,2
1970,4,4,2
390,4,2,1
322,4,3,1
1455,4,4,1
222,0,1,0
949,3,4,2
1312,1,0,0
2071,3,4,2
1482,0,0,0
1817,3,2,1
2056,4,1,0
1313,4,2,2
1097,0,0,0
1980,4,2,1
2553,4,4,1
2492,4,3,2
885,4,2,1
819,4,4,1
1408,2,2,2
2202,4,4,1
1896,4,4,3
2382,2,2,1
2525,0,1,0
978,3,3,2
1167,4,3,1
1920,4,4,1
1814,4,4,1
2845,4,0,0
2613,1,1,0
540,4,2,2
2633,4,0,0
814,2,2,1
506,2,0,0
450,0,2,1
2591,1,1,0
754,0,3,1
2765,0,0,0
1047,2,2,1
1303,0,0,0
1769,4,2,1
1919,4,4,3
1371,4,4,1
471,4,3,2
1899,4,3,2
227,0,1,0
518,4,4,1
463,0,0,0
1236,0,0,0
1478,4,3,2
2601,4,4,2
2046,0,0,0
1405,4,2,1
2262,1,4,2
2220,4,4,1
642,0,1,0
1840,4,4,2
2542,4,3,1
1360,4,2,2
2790,4,0,0
563,4,3,2
556,4,2,2
501,3,3,1
1473,0,0,0
2165,4,1,0
2121,3,3,1
2031,4,1,0
2120,2,4,1
2689,3,0,0
2069,4,3,2
1076,0,0,0
2063,1,1,0
261,4,4,2
2168,4,2,2
2441,4,4,2
2523,3,3,1
2193,4,3,2
808,3,2,1
1166,3,2,2
2437,4,1,0
2564,1,3,1
2539,3,4,2
2432,4,3,1
1975,4,4,2
695,4,4,3
1193,3,2,2
993,0,0,0
2228,1,1,0
2307,4,3,2
1165,3,2,1
1011,4,4,2
1391,0,0,0
1362,4,4,1
2072,4,4,2
245,2,2,1
1926,4,3,1
663,4,4,2
936,4,2,1
1986,2,2,1
747,4,1,0
2270,0,0,0
2807,3,0,0
2573,0,0,0
2580,4,4,2
305,4,3,1
1395,3,3,1
1352,4,1,0
776,3,2,2
1358,4,4,2
1720,4,4,2
2266,4,4,2
739,4,4,2
457,4,3,1
738,3,2,2
2210,1,1,0
2230,4,1,0
645,3,3,2
2818,4,3,1
2343,4,4,1
2096,4,4,1
2831,3,2,1
1517,4,4,2
2508,1,1,0
361,2,0,0
2129,4,4,1
456,3,3,2
348,2,2,1
1354,4,4,2
354,4,2,2
2743,4,2,1
441,0,0,0
2313,3,4,2
2579,4,3,2
1745,4,4,2
1759,4,4,3
1300,0,0,0
2566,4,4,1
773,4,3,1
1865,4,4,2
316,1,1,0
346,4,3,1
2455,4,1,0
1359,4,2,2
975,0,0,0
473,4,4,1
1886,2,2,1
1027,0,0,0
1355,4,3,2
1702,3,3,2
2155,2,2,2
2025,1,0,0
2590,4,4,2
555,3,3,2
2841,4,3,1
2092,4,4,1
1507,1,0,0
2030,4,2,2
1429,4,1,0
601,0,0,0
602,4,4,2
376,2,2,1
986,0,0,0
2852,4,0,0
1749,4,2,1
935,4,3,1
667,4,4,2
1390,4,3,1
1690,3,4,3
2032,0,1,0
627,3,4,3
644,2,2,1
1826,4,3,1
2593,4,4,2
2550,4,2,1
2058,4,4,1
1969,4,4,1
1978,4,3,2
1286,0,0,0
2260,4,2,1
2178,2,0,0
2401,4,4,1
264,2,2,2
2004,3,2,2
1684,4,1,0
2665,4,0,0
1803,3,3,1
2199,4,2,1
2224,4,4,1
2203,4,4,1
1442,0,0,0
1801,0,1,0
1897,4,4,3
1811,4,2,1
2306,4,4,1
2584,0,0,0
2333,3,3,2
223,0,0,0
2008,3,2,1
1501,4,4,1
572,2,2,2
650,3,2,1
1711,0,0,0
1892,4,1,0
1823,3,3,1
408,3,3,2
2336,1,1,0
2374,4,4,1
2562,4,2,1
1557,4,4,2
2709,1,0,0
2843,4,3,1
2817,0,4,1
1904,0,0,0
1854,4,4,2
2143,4,1,0
2809,2,0,0
344,4,4,1
2575,0,0,0
2418,0,0,0
2594,3,3,2
2144,1,1,0
2561,4,0,0
409,2,2,1
2019,3,4,3
945,3,2,1
2326,4,4,2
1686,3,3,2
1428,4,2,2
275,0,1,0
276,4,3,2
2675,0,1,0
1937,4,3,2
2444,4,1,0
1287,4,4,1
637,0,0,0
1993,2,2,1
2272,4,1,0
1941,4,4,2
1788,1,1,0
2042,0,0,0
477,4,2,1
1770,1,1,0
1791,4,4,1
1528,4,4,1
1168,4,4,3
278,0,0,0
213,3,2,2
1680,2,1,0
2715,4,4,1
2647,4,1,0
1388,4,4,1
2134,4,4,1
2785,3,3,1
2377,0,0,0
2411,4,4,2
1754,0,0,0
2064,3,4,1
2342,4,2,2
1048,4,2,1
787,4,3,1
2166,4,4,1
1322,4,4,3
508,1,1,0
1169,4,2,2
2162,4,4,3
1804,0,0,0
2526,4,2,1
2528,2,1,0
2146,4,4,2
1670,4,1,0
1519,0,0,0
567,0,0,0
364,4,2,1
2457,4,4,2
2366,4,4,2
795,4,1,0
1669,4,4,2
1513,4,2,2
1494,4,4,1
1917,4,4,2
1851,4,4,2
2300,3,1,0
520,4,3,1
559,4,3,2
1716,4,4,2
1893,4,2,1
1807,3,2,2
2513,4,4,2
1375,4,4,2
2532,3,3,1
1740,4,4,2
1454,4,4,2
2370,4,3,3
1426,4,4,2
1743,4,4,4
1487,4,4,3
2658,0,0,0
369,3,1,0
2047,0,0,0
470,4,4,1
383,2,2,1
372,0,0,0
2822,4,4,1
1401,0,1,0
1403,4,2,2
1449,0,0,0
2402,4,4,1
2760,4,0,0
2302,4,4,1
1459,4,4,2
1879,4,2,1
2485,4,4,3
2741,4,4,2
680,4,1,0
1465,4,0,0
2085,2,2,1
2763,1,0,0
1544,0,0,0
1153,4,2,1
1157,4,3,2
1129,4,3,1
1682,4,4,2
1132,4,2,1
2445,4,3,3
1382,4,4,2
2303,4,4,2
2598,4,1,0
705,2,2,1
2001,0,0,0
263,4,2,2
2276,4,2,1
2214,2,2,2
2635,3,1,0
2356,3,2,1
2430,3,3,1
2160,4,2,2
249,4,3,1
1536,2,2,1
699,0,1,0
2685,0,0,0
466,4,4,1
788,4,4,2
629,0,0,0
1055,4,4,4
373,3,3,1
1420,3,2,1
2618,4,4,1
2510,4,4,2
2714,4,0,0
653,0,0,0
1230,3,1,0
2602,3,3,1
2424,4,4,1
2797,3,0,0
1149,4,2,2
1952,4,4,1
1858,4,2,1
1736,2,2,2
1042,4,4,1
306,4,2,1
617,3,1,0
1551,3,2,1
445,0,0,0
472,3,1,0
2470,0,0,0
1704,4,3,2
2335,0,0,0
2848,0,3,1
2410,4,4,3
262,4,2,2
2318,4,2,2
2012,4,4,2
2840,4,4,1
2493,4,1,0
735,3,4,1
2574,4,4,1
966,0,0,0
626,4,2,1
612,0,0,0
2261,4,2,2
2095,4,4,2
2364,4,1,0
1397,4,4,3
2229,4,3,1
1763,0,0,0
2206,3,2,1
2048,4,2,1
1783,1,1,0
2089,1,1,0
1095,4,4,2
2642,0,0,0
2531,0,0,0
1130,3,3,2
1524,4,1,0
1511,4,4,2
1538,2,2,1
2483,4,1,0
1558,1,3,2
707,3,2,1
377,2,1,0
570,3,3,1
938,4,4,2
1189,4,1,0
1274,2,0,0
2127,3,4,3
671,0,0,0
679,4,2,1
1911,4,4,3
2017,3,3,1
2133,4,4,3
475,4,3,1
1972,1,1,0
2378,4,4,3
339,2,2,1
2830,4,0,0
454,4,1,0
1317,2,1,0
2043,3,2,1
317,4,2,2
662,3,1,0
244,4,1,0
1885,4,4,2
2839,4,0,0
2128,3,3,1
534,0,1,0
674,4,4,2
2018,4,2,1
2651,1,1,0
1376,4,3,1
1982,3,1,0
2372,4,4,2
2277,4,4,1
2347,3,1,0
2693,4,0,0
1898,2,2,1
2389,1,1,0
1443,4,1,0
1695,4,4,1
291,2,1,0
315,3,2,2
883,4,3,2
730,4,3,1
1489,2,2,2
774,4,2,2
467,4,4,2
2073,4,2,1
398,0,0,0
2234,4,1,0
2621,0,0,0
2499,2,1,0
2475,1,1,0
1672,4,2,2
1383,4,4,1
1098,2,2,1
1332,4,3,3
2014,4,2,2
2003,1,1,0
1229,4,2,1
2211,4,3,2
2811,4,0,0
504,4,0,0
2317,0,1,0
688,3,3,1
716,3,3,2
465,2,2,1
631,0,0,0
1888,1,1,0
503,4,2,2
270,0,0,0
1750,4,1,0
2469,1,1,0
1276,4,4,4
505,0,0,0
1940,4,4,1
2157,4,4,2
1060,4,4,2
1921,3,2,2
239,4,2,1
686,4,3,1
1819,4,3,2
729,1,1,0
2440,1,1,0
1998,4,3,3
1521,4,4,1
1262,4,4,1
1357,3,3,1
356,1,1,0
464,0,0,0
1485,0,0,0
2284,1,1,0
2159,4,4,2
452,4,3,1
1127,2,2,1
1469,4,2,1
991,4,3,1
2171,2,2,1
268,4,2,1
1774,3,2,1
2406,2,0,0
2704,0,0,0
1066,4,3,1
1248,4,4,3
1404,4,4,2
948,0,0,0
2344,0,0,0
460,4,2,1
2465,0,0,0
2484,4,3,1
2148,4,4,3
619,2,2,1
782,4,3,2
2011,4,4,2
411,2,2,1
1968,2,2,1
622,0,0,0
1483,4,1,0
474,4,4,1
568,3,2,1
1877,0,1,0
2350,4,2,1
2413,4,4,2
1044,4,4,3
1541,4,3,2
2489,4,3,3
1464,4,4,3
2541,3,2,1
2788,4,1,0
468,0,0,0
1989,4,1,0
1859,4,4,2
1301,4,3,2
1377,0,0,0
777,4,4,1
2442,0,0,0
2490,4,3,1
2842,4,4,1
2530,0,0,0
1949,4,4,3
1863,3,2,1
314,2,2,1
2616,2,2,1
1294,4,4,3
1123,4,4,3
1093,0,0,0
2156,4,1,0
1766,1,0,0
1772,0,0,0
2101,3,1,0
1789,3,2,2
2257,4,4,1
2498,3,3,1
2728,0,0,0
255,3,3,3
297,4,2,2
657,4,3,2
493,1,1,0
1122,4,4,1
2793,1,0,0
2358,3,3,1
1725,4,4,1
2653,0,0,0
2576,4,4,1
1679,3,3,2
357,4,4,3
269,0,0,0
1983,4,3,3
1402,3,3,1
2013,4,3,3
1796,2,2,1
350,0,0,0
2320,0,0,0
1681,4,0,0
2091,0,0,0
2152,4,4,3
999,4,4,1
1778,0,0,0
358,4,2,1
762,0,0,0
593,4,3,1
1856,4,2,2
2703,0,1,0
328,0,0,0
2293,2,2,2
757,0,0,0
1847,4,4,3
2461,4,2,1
1154,4,4,1
2205,2,2,1
2212,4,4,3
1415,4,2,2
1994,4,2,1
2552,1,1,0
2053,3,3,1
1310,4,4,2
771,3,3,1
974,4,2,1
2572,4,4,3
1881,4,4,3
495,4,4,1
226,4,3,2
2116,4,1,0
2557,4,4,2
1875,1,1,0
370,2,2,2
1488,1,1,0
2519,0,0,0
1235,4,4,1
1184,4,2,2
1254,4,4,1
2540,4,4,1
2639,0,0,0
1400,4,2,2
1289,4,2,1
551,1,0,0
560,4,3,2
2376,2,2,2
2241,4,3,1
1040,0,0,0
1067,4,3,3
2172,4,1,0
1560,4,4,1
557,4,2,1
2663,0,0,0
375,4,3,2
672,4,4,1
1768,4,3,1
1995,4,2,1
1894,4,3,2
274,4,4,1
308,0,0,0
2473,4,0,0
2334,2,2,1
1701,2,2,2
1792,0,0,0
1703,4,2,1
1687,4,2,1
1726,4,4,2
1343,4,4,1
458,4,4,1
1458,4,2,1
2299,4,4,2
2273,0,0,0
2363,4,4,1
1012,4,3,2
1361,4,2,1
1810,4,2,1
1887,3,3,1
2126,4,3,3
1431,4,3,2
1299,4,4,3
744,4,4,1
1163,4,3,1
2546,4,2,1
2543,4,0,0
1128,3,3,3
565,0,0,0
2705,4,3,1
2175,4,1,0
1133,4,4,2
536,4,3,1
1722,1,1,0
613,0,0,0
440,0,0,0
727,0,0,0
1966,4,4,3
580,4,1,0
1335,0,0,0
1024,2,2,1
960,4,4,1
1836,4,3,1
553,4,4,3
1456,0,0,0
1444,3,1,0
1065,4,3,3
977,0,0,0
2713,4,1,0
2009,4,4,3
487,4,1,0
2491,3,2,1
944,3,4,2
709,4,4,2
2769,2,1,0
2596,4,4,1
2762,4,0,0
449,2,2,1
1147,0,0,0
1158,4,4,4
2290,4,3,2
1806,4,4,2
1951,0,0,0
1777,1,1,0
2754,0,0,0
1506,4,3,2
775,4,3,2
1902,4,3,2
509,0,3,1
710,0,0,0
1693,1,0,0
635,0,0,0
2503,4,1,0
2600,3,3,2
2666,4,0,0
681,4,2,1
1115,1,1,0
2028,4,4,3
2816,3,3,1
342,4,4,2
2044,4,3,2
1868,4,3,1
1676,0,0,0
2201,4,4,2
652,2,1,0
2534,4,4,2
1457,4,2,2
1999,4,4,2
1263,4,4,2
1965,4,3,1
1475,0,0,0
1319,4,1,0
399,3,3,2
697,2,2,1
1867,3,2,1
1715,0,0,0
1555,4,4,2
461,1,1,0
1019,4,1,0
1013,4,4,3
294,4,3,2
2727,3,2,1
895,4,2,2
857,0,0,0
2588,3,1,0
2826,4,0,0
2314,1,1,0
569,4,4,2
1378,4,4,2
1035,4,0,0
1955,4,3,1
2285,4,4,2
1846,4,3,3
1266,4,3,2
482,4,4,1
2678,4,0,0
2196,4,4,2
2190,4,3,2
2239,4,1,0
1924,3,3,3
1741,4,4,2
2496,1,1,0
1497,4,3,1
301,2,2,1
2505,4,4,3
2682,1,0,0
1805,1,1,0
1678,4,2,1
587,4,3,2
1512,4,4,1
942,4,2,1
2390,1,1,0
947,3,3,1
1351,0,0,0
2466,4,0,0
2002,4,3,3
1742,4,2,1
1387,4,2,1
2544,1,1,0
1758,4,2,1
2287,4,3,1
720,0,1,0
698,0,0,0
778,4,2,1
696,0,1,0
792,3,2,1
524,4,4,2
1705,4,4,3
1744,4,3,1
1308,2,0,0
1984,4,2,2
1532,4,2,1
1939,1,0,0
1827,2,1,0
1710,4,4,3
1159,3,4,2
2702,4,2,1
1422,4,2,1
673,3,3,1
295,0,0,0
2189,4,4,3
2067,4,4,2
1828,4,4,3
2454,4,4,3
584,0,0,0
595,4,3,1
389,2,2,1
1734,1,1,0
610,0,0,0
2373,4,2,2
479,4,4,1
2264,4,2,1
1144,3,1,0
1738,4,4,1
2291,4,4,3
248,4,1,0
272,3,3,1
1942,4,4,1
337,0,0,0
336,0,1,0
2213,4,4,1
1539,4,4,4
1912,4,4,3
1675,0,0,0
1698,4,2,2
2659,0,0,0
253,0,3,1
2592,4,4,1
2742,3,1,0
810,4,2,1
2321,4,4,3
2345,4,4,2
1882,4,4,3
1730,2,2,2
953,4,1,0
2429,1,1,0
2383,3,1,0
1853,2,2,2
1802,4,3,2
1683,4,0,0
708,3,2,2
338,4,1,0
1991,4,1,0
2368,3,3,3
1518,4,2,1
2328,4,4,2
2522,0,0,0
2240,4,1,0
797,2,2,2
1697,2,2,2
669,3,2,2
1696,2,2,1
1976,4,3,1
1561,4,1,0
736,0,0,0
781,3,1,0
2316,0,1,0
2567,4,0,0
303,4,3,3
2090,4,2,1
2296,4,3,1
483,2,1,0
755,4,2,1
1440,4,1,0
290,0,0,0
442,4,2,1
2471,2,2,1
1348,0,0,0
1549,4,2,2
234,0,0,0
1990,4,4,2
2197,2,2,1
2173,2,2,1
2163,4,2,1
302,4,4,2
1540,2,2,2
1963,4,4,1
2784,4,0,0
694,3,2,1
2375,1,1,0
578,4,4,1
388,4,2,2
492,4,2,2
2153,0,0,0
809,4,4,2
2780,4,0,0
544,4,4,2
2346,4,2,1
2520,4,2,1
2462,4,2,1
745,4,3,1
1876,0,1,0
1353,3,2,1
1062,0,0,0
413,0,0,0
2086,4,4,2
2195,4,4,1
515,2,2,2
209,4,4,1
1070,2,2,1
1162,4,4,2
367,0,1,0
1729,4,4,2
1767,0,0,0
630,4,1,0
2207,4,4,1
623,2,2,2
1751,0,0,0
1170,2,3,2
1929,4,1,0
1843,4,4,3
1052,0,0,0
1829,4,3,2
1515,4,3,2
2294,4,2,2
2104,4,2,2
2517,0,0,0
1907,4,3,3
1315,4,2,1
462,0,0,0
789,3,4,3
841,4,4,2
633,0,1,0
1852,0,1,0
2387,1,0,0
1491,0,0,0
1139,4,4,1
2480,3,3,3
2453,4,4,2
2800,4,0,0
2041,4,2,1
640,0,0,0
2446,4,4,3
639,3,3,1
1938,4,3,3
2468,3,4,1
1126,4,4,1
1374,4,1,0
391,4,2,2
2518,0,0,0
382,4,3,2
496,2,1,0
2227,4,4,3
2082,4,4,3
2398,4,4,2
2464,2,1,0
1285,3,3,3
2388,4,3,2
215,2,2,1
2463,4,2,1
1509,4,3,1
2113,3,3,1
1721,2,2,1
1025,3,3,3
1460,3,3,2
1794,4,1,0
2223,4,2,1
2100,4,2,2
1419,4,4,3
1373,4,3,2
2315,4,2,2
952,4,2,1
1309,4,4,2
2079,3,2,1
1776,4,4,2
1830,2,2,1
606,2,2,1
618,4,3,1
590,0,0,0
598,3,1,0
1372,4,4,3
786,4,3,2
2516,2,1,0
1948,4,4,1
2645,3,0,0
2068,4,4,1
491,3,1,0
550,3,3,2
1493,0,0,0
734,0,0,0
1927,4,1,0
374,4,4,1
2371,2,3,1
1496,2,2,1
2716,4,0,0
481,4,3,1
1389,0,1,0
2504,4,4,1
260,4,4,3
2511,0,0,0
2805,1,0,0
1267,0,0,0
2255,4,4,2
2798,4,1,0
1339,4,3,3
2015,4,4,1
2329,4,4,1
2456,4,2,1
702,3,1,0
2151,4,3,1
1883,4,2,1
304,4,3,1
607,4,2,1
500,4,4,1
1793,4,2,1
271,4,3,2
1510,3,2,1
2122,4,4,1
2586,3,3,2
1671,4,2,1
1685,4,1,0
1979,4,3,2
1568,4,1,0
2677,2,1,0
1934,0,1,0
616,4,1,0
1713,4,2,1
2738,3,0,0
1866,3,2,1
1545,2,2,1
1870,3,0,0
2029,4,4,2
507,0,0,0
689,4,3,2
1906,4,3,3
1764,4,4,3
2397,4,1,0
2533,3,3,1
366,4,3,1
1525,4,2,1
230,0,0,0
296,4,1,0
581,1,1,0
2636,4,0,0
2707,4,0,0
2787,4,3,2
1297,1,1,0
2482,3,3,2
2324,0,0,0
2747,4,0,0
656,1,1,0
2093,1,1,0
542,2,1,0
240,4,3,2
2810,4,1,0
759,4,4,1
1446,0,0,0
1046,1,1,0
1307,4,1,0
641,4,4,1
2400,1,1,0
2538,2,2,1
535,2,0,0
1367,4,3,1
2349,0,0,0
2102,4,1,0
2235,2,2,2
2263,4,4,2
1364,4,2,1
525,3,3,2
2036,4,2,1
2512,4,4,2
1277,4,4,2
573,0,0,0
2700,2,0,0
1448,4,4,2
2569,4,3,3
2474,4,3,1
436,0,0,0
2154,4,2,2
596,3,2,2
2420,0,2,1
2078,2,4,2
2514,3,4,1
2208,4,3,3
1985,0,0,0
1434,4,3,2
1336,4,4,1
1533,4,4,2
2037,0,0,0
2038,4,4,1
2407,4,3,1
704,4,3,1
1283,0,0,0
976,2,2,1
2391,4,4,3
2131,4,4,3
2380,4,2,2
1527,4,4,1
722,4,4,2
1069,0,0,0
1918,4,4,1
1832,2,2,1
2589,1,1,0
1481,4,4,3
2065,0,0,0
1279,0,1,0
2185,4,1,0
677,4,3,2
1320,4,4,3
1043,1,2,1
447,4,4,1
1808,4,4,2
1474,4,4,1
246,4,4,2
2405,3,0,0
2551,4,3,3
384,0,0,0
2422,4,4,2
2386,3,2,1
1719,4,4,3
2421,4,2,1
1186,3,3,1
816,0,0,0
2649,0,0,0
2259,4,2,2
1916,0,0,0
1956,4,1,0
2027,4,2,1
798,4,4,1
812,3,3,1
609,0,1,0
1255,0,1,0
498,3,3,2
682,0,1,0
1554,4,4,2
1812,4,4,2
1498,3,2,1
2035,4,3,1
2077,4,2,2
2460,0,0,0
992,1,0,0
1992,0,0,0
2674,0,0,0
1526,3,2,2
396,4,1,0
2204,1,1,0
2087,4,2,2
742,3,3,2
2088,4,3,1
2022,4,4,2
1220,4,3,1
2074,1,1,0
1381,0,0,0
2472,2,0,0
2301,4,2,1
1099,1,1,0
1237,4,4,3
2381,4,0,0
985,3,2,2
683,3,2,1
517,0,0,0
2139,2,2,1
1486,0,0,0
889,2,2,2
552,3,2,2
1505,4,4,3
299,0,1,0
1249,4,3,2
1932,4,3,1
307,1,1,0
2500,4,3,1
2656,0,0,0
1467,4,3,1
2051,0,0,0
2467,1,1,0
586,0,0,0
2792,3,0,0
381,4,2,2
2265,3,3,1
2140,4,2,1
1553,3,4,3
1061,4,4,2
1417,4,4,1
410,4,2,1
1484,4,4,3
1915,4,4,1
1960,0,0,0
1756,4,3,1
1820,4,2,1
2515,4,2,1
943,0,0,0
549,4,2,1
2209,4,4,1
765,0,0,0
403,4,3,2
2448,2,3,2
2686,1,0,0
1418,3,2,1
2354,4,4,2
1909,4,4,1
2733,4,0,0
2219,0,0,0
1504,4,4,2
1717,4,4,1
2477,3,2,1
298,3,3,1
2170,2,2,1
283,4,4,1
1800,4,2,2
1288,0,0,0
1414,4,2,2
2556,0,0,0
1895,4,3,3
1490,4,3,2
1753,4,3,2
958,4,4,2
1349,3,1,0
1333,1,1,0
1761,4,3,2
2097,1,0,0
1977,4,2,2
1530,1,1,0
972,0,0,0
980,4,4,3
2010,4,4,1
1384,0,0,0
967,4,3,1
634,4,4,2
1499,0,0,0
1514,1,1,0
1302,4,3,2
2770,4,0,0
414,2,1,0
1134,2,2,1
1344,4,4,2
1500,1,1,0
446,4,2,2
2198,4,3,1
2081,3,3,2
2232,2,2,1
2697,0,1,0
502,0,0,0
2231,4,1,0
2606,4,4,2
805,4,2,1
726,4,4,2
532,1,1,0
2509,4,2,1
2142,4,2,1
522,0,3,1
793,0,0,0
2158,0,0,0
392,4,4,2
1547,4,2,2
2137,0,0,0
1689,4,4,1
1692,4,2,1
217,4,4,1
2661,4,1,0
2664,0,0,0
206,0,1,0
811,0,0,0
281,0,0,0
1850,4,2,2
660,2,2,1
564,3,2,1
2215,0,1,0
2362,4,4,3
1005,4,1,0
2681,0,0,0
1953,0,0,0
1971,4,2,1
886,4,2,1
1471,4,1,0
714,3,3,1
2812,4,4,1
287,0,0,0
1270,0,0,0
1480,4,4,3
2050,4,4,1
1925,4,4,2
277,3,3,1
2803,4,2,1
2365,0,0,0
1537,4,3,3
355,0,0,0
2280,4,1,0
310,0,1,0
340,4,1,0
2225,3,2,1
1565,4,4,2
2695,4,0,0
2278,4,4,3
2083,4,3,2
2680,0,0,0
1857,4,4,3
2570,4,2,1
1747,3,2,1
1833,4,4,3
1329,4,4,1
2439,4,2,1
2679,1,0,0
884,3,2,1
335,2,1,0
1272,0,0,0
2486,1,0,0
1148,4,4,2
785,3,2,1
2298,4,4,3
2479,4,4,2
2578,1,1,0
1542,4,3,1
2221,4,0,0
2699,1,0,0
2736,4,0,0
1347,4,4,1
235,4,4,3
1282,4,3,1
1677,4,2,1
243,2,3,1
706,3,3,1
293,4,4,2
670,4,3,2
2753,4,0,0
760,0,0,0
963,0,0,0
1232,0,0,0
2039,4,2,1
1709,4,1,0
979,4,4,3
2646,4,3,1
1291,4,1,0
2834,4,4,1
300,4,1,0
490,4,3,3
2066,3,3,1
1838,4,3,1
1369,3,2,2
2271,1,0,0
600,3,3,1
582,4,4,2
1757,1,1,0
1424,4,2,2
772,4,4,1
343,4,4,3
547,2,0,0
661,4,3,1
1988,4,4,3
2711,0,0,0
2108,4,1,0
1124,4,3,1
2222,1,1,0
2024,4,4,1
711,2,2,1
2061,4,4,3
767,3,3,2
1961,4,4,3
2435,4,3,2
1241,4,4,2
1094,3,0,0
796,4,1,0
1142,0,0,0
803,3,3,1
1786,4,4,2
1396,4,4,2
1762,4,2,1
533,4,4,2
676,2,2,1
541,4,2,1
959,0,0,0
2322,4,3,2
228,0,0,0
214,3,2,2
512,4,4,2
1718,1,0,0
313,0,0,0
2297,4,3,1
790,3,3,1
2352,0,0,0
1673,0,0,0
1739,3,1,0
746,4,3,1
2571,0,0,0
1784,2,0,0
554,4,2,1
1562,4,3,2
1735,3,2,1
766,4,4,2
666,4,4,2
2340,0,1,0
1427,3,3,1
2275,3,4,2
2833,4,2,1
2827,4,0,0
1699,3,3,2
257,4,4,1
723,4,1,0
2124,4,3,3
684,4,4,2
779,0,0,0
1923,4,3,1
2167,4,2,1
2814,4,2,1
511,4,3,1
2692,4,0,0
1787,4,2,1
2507,4,4,1
1350,4,4,2
1782,2,2,1
1239,4,2,1
2634,0,0,0
1001,3,4,2
2718,0,0,0
1775,4,4,3
2098,0,0,0
2379,4,4,2
397,4,3,2
2802,4,0,0
1954,4,4,2
591,4,2,2
815,0,2,1
1816,4,4,1
1190,4,3,1
368,1,3,1
330,1,1,0
2745,0,0,0
1835,4,3,1
1503,4,3,2
961,4,0,0
2161,4,1,0
2000,4,2,1
380,3,2,1
1160,4,2,1
1997,4,1,0
1943,4,4,2
1732,4,4,4
363,0,1,0
1466,2,2,1
665,4,4,1
1290,0,0,0
2698,0,0,0
266,4,3,1
1946,4,1,0
1889,0,0,0
989,3,3,2
2337,1,1,0
955,4,2,1
254,3,3,1
589,3,3,1
521,4,2,2
1765,4,2,2
2838,4,0,0
728,2,2,1
488,2,1,0
1824,4,4,1
2527,3,2,1
2748,4,0,0
545,4,2,1
1394,4,2,1
241,3,1,0
2426,0,0,0
1413,4,2,1
624,3,3,1
2355,4,3,1
1380,4,2,1
1423,4,2,1
329,2,2,1
579,4,4,3
731,1,0,0
1338,4,3,2
1723,4,4,3
1445,4,4,3
2605,4,3,2
732,0,0,0
763,4,2,2
516,4,1,0
233,4,3,1
1233,4,4,2
1341,1,1,0
2536,4,2,1
256,4,4,2
212,4,4,2
1146,4,4,3
1873,4,4,1
1842,1,0,0
2708,1,0,0
1773,3,3,1
913,4,2,1
964,4,4,1
799,2,2,1
218,0,1,0
1890,0,0,0
2136,0,0,0
1958,4,3,1
484,4,3,2
701,3,2,1
1410,4,1,0
2149,4,3,2
2353,4,4,4
2132,4,0,0
1346,0,0,0
1284,4,3,3
2734,4,0,0
2191,4,4,2
538,4,3,2
2731,4,0,0
2687,1,0,0
1522,4,4,1
713,3,3,1
2123,4,4,2
331,4,4,1
2135,4,4,3
1068,3,2,1
1461,4,3,1
2325,4,2,2
1813,3,3,1
236,4,0,0
1785,0,0,0
1798,4,3,2
2180,4,3,1
2075,1,1,0
2436,4,1,0
1326,4,3,2
1479,4,1,0
1913,4,3,2
1780,3,3,2
2309,4,4,2
1964,4,3,2
990,4,1,0
1150,2,0,0
770,0,0,0
1145,4,4,3
1694,4,2,1
2487,4,4,1
2549,4,3,2
2670,0,0,0
603,4,2,1
1928,4,3,2
1548,4,2,1
2622,4,4,3
1908,4,1,0
791,4,2,1
2305,3,4,3
459,4,4,2
519,3,1,0
1143,2,2,1
1269,0,0,0
1502,4,3,3
1463,0,1,0
1492,2,2,2
325,4,4,1
497,4,4,2
1855,4,2,1
621,4,3,2
1234,4,4,3
628,1,1,0
211,0,0,0
1556,2,2,1
2179,3,3,1
1251,4,4,3
891,0,0,0
1437,4,2,1
2292,4,3,1
1546,4,2,1
387,4,3,3
2289,1,1,0
615,4,4,2
566,2,4,2
2433,4,1,0
2662,0,1,0
1728,3,3,1
820,3,3,2
806,2,1,0
2506,4,3,3
2279,4,3,2
437,0,0,0
1543,4,4,2
1534,4,1,0
1385,4,2,1
438,4,3,1
284,0,0,0
1731,4,1,0
703,2,1,0
2034,3,2,1
636,1,0,0
412,0,0,0
1910,4,1,0
2545,4,2,1
592,3,3,1
2428,3,0,0
2655,4,0,0
1861,0,0,0
1708,2,2,1
216,4,4,1
2059,2,0,0
1023,0,0,0
539,3,3,1
2427,4,4,2
946,0,0,0
1059,4,4,2
2409,4,1,0
1922,0,0,0
259,4,2,2
2408,4,1,0
2701,1,1,0
2761,4,0,0
247,4,3,2
1727,4,4,1
1831,4,4,2
751,0,0,0
2269,2,2,1
407,4,3,2
597,4,2,2
1240,4,4,1
2615,1,1,0
1191,4,3,2
1156,0,0,0
1141,4,2,1